"","AFFY.Mouse430.2.probe","logFC","AveExpr","t","P.Value","adj.P.Val","B"
"265","1417837_at",2.66333251315958,8.74014368491377,28.9855639275918,2.43556535159947e-18,1.58823216577801e-14,31.1061440326349
"432","1450779_at",-1.9727292302208,9.70619106137395,-20.4095467801832,2.88394850750098e-15,8.55435224200461e-12,24.8575448863747
"620","1415856_at",1.75327584058397,9.27937553167532,19.9892850572192,4.36273630305987e-15,8.55435224200461e-12,24.4736971629246
"1822","1456515_s_at",1.37379005545161,7.41806428851018,19.4989809982674,7.14277080170036e-15,8.55435224200461e-12,24.0143777333648
"6626","1423429_at",1.92596966048188,8.00884761971663,19.4866764167245,7.23272815616612e-15,8.55435224200461e-12,24.0026874756151
"5644","1419294_at",1.39918604009456,7.05119473050834,19.4037290101198,7.87089609753529e-15,8.55435224200461e-12,23.9236694401233
"892","1419430_at",1.46697013967423,8.06684483739033,18.4038386330351,2.2393960231993e-14,2.08615735246894e-11,22.9412174189121
"838","1419095_a_at",2.47285881677151,8.99029151036089,18.1540758774325,2.93084496595718e-14,2.38900500287584e-11,22.6868584820797
"5284","1418069_at",2.49863162971872,9.21896555081945,16.6268342133156,1.63692945773805e-13,1.18604633265665e-10,21.0472799956756
"742","1434165_at",1.1122124653458,7.87083746589452,16.0328107378954,3.31752018357761e-13,2.16335491171096e-10,20.36765951789
"58","1439798_at",-1.4962204705503,6.9588224134702,-15.7422209963384,4.72561185315096e-13,2.77329426961223e-10,20.0260219670794
"858","1449582_at",1.28568085359281,7.0237265413478,15.6796401050622,5.10343984593572e-13,2.77329426961223e-10,19.9516359792504
"255","1419614_at",1.23107620750181,7.73423337363746,15.4260819720439,6.98842909699133e-13,3.50550354934465e-10,19.6472494178615
"623","1421365_at",1.22017907772211,8.22764673056888,15.2531014005103,8.68175093984073e-13,4.04383556276439e-10,19.4367922336741
"4338","1455794_at",1.33227760133001,8.11196935749131,15.0607826398446,1.10772662955948e-12,4.81565690090492e-10,19.2000894756252
"2859","1418054_at",-1.21098718696406,6.25446184320685,-14.6635664590645,1.84773487801209e-12,7.53067446219801e-10,18.7019285294368
"1393","1433734_at",1.5937291242731,7.50987804976548,14.5055030968363,2.27226292168581e-12,8.71613324253716e-10,18.5001394883441
"1502","1436717_x_at",-1.65828673145553,11.5282876125635,-14.4360932080961,2.48975712291438e-12,9.01983677695816e-10,18.4108761484521
"1212","1422839_at",-1.14725212440121,7.46769714281798,-14.3878029469748,2.65380725049697e-12,9.10814583183723e-10,18.3485364813469
"3595","1437173_at",-0.938704934088619,8.03196016693274,-13.6156050792305,7.54597364277375e-12,2.46036470622638e-09,17.3245302119263
"1977","1426412_at",-1.1603098414362,6.9395288522286,-13.5214369321302,8.59968105838151e-12,2.67040572293837e-09,17.1960573999266
"2452","1437752_at",1.22692833145847,9.08539776791754,12.8283713323814,2.3030329289404e-11,6.82639896800925e-09,16.2252546409776
"1441","1421924_at",2.05066640041458,8.69607516921339,12.7017885278721,2.76950936273691e-11,7.8521611106119e-09,16.0430025193683
"2572","1460226_at",1.38676346103619,6.90141302968155,12.6481958164586,2.99574698982046e-11,8.13969421692467e-09,15.965367794699
"5741","1428440_at",-1.38869183573553,8.2819390395414,-12.6121991113029,3.15845029877307e-11,8.23850175931968e-09,15.9130638105687
"2284","1420573_at",1.17143085159125,6.88091400538496,12.4779636116485,3.85105752369279e-11,9.6320048803115e-09,15.7168826395085
"3290","1421369_a_at",-0.967073956812023,7.23810659978133,-12.4544044007891,3.9881020053429e-11,9.6320048803115e-09,15.6822659381661
"4722","1434739_at",0.920045420406654,7.08896770227003,12.2939890921998,5.0671576693841e-11,1.1801048272162e-08,15.4450716429665
"3548","1439427_at",0.777865278728868,6.70584245753094,12.2540665382779,5.38032845024432e-11,1.20983178703597e-08,15.385634972355
"1008","1448837_at",0.73787842047971,6.96837079077939,12.2127184908027,5.72600710037127e-11,1.24464307671737e-08,15.323904108644
"2134","1417078_at",0.890258709315056,7.93634731303654,12.1743714907023,6.06729315463736e-11,1.26881350897386e-08,15.266496750095
"5202","1433536_at",0.72053055848176,7.61738245453092,12.1572607834127,6.22635060376683e-11,1.26881350897386e-08,15.2408323003738
"3695","1426990_at",1.55526261781856,7.35180300443195,11.9573159310992,8.44234361532405e-11,1.63520789404107e-08,14.9386809136073
"5135","1427682_a_at",0.930871484364483,6.17308027335626,11.9508941654072,8.52585008394363e-11,1.63520789404107e-08,14.9289072401679
"2935","1455893_at",-1.08209722619536,7.20695387704293,-11.7791962628382,1.11090720273985e-10,2.0697788197333e-08,14.6659726129087
"1291","1426599_a_at",0.872156741140467,11.2012835366806,11.7343382486265,1.19100841259881e-10,2.14567330712634e-08,14.5967607751695
"525","1438115_a_at",1.0741547696951,9.93142646498554,11.7130152915696,1.23117053234802e-10,2.14567330712634e-08,14.5637857124047
"3193","1415978_at",-1.08441859927602,8.52825427566286,-11.7030845645435,1.25035402040792e-10,2.14567330712634e-08,14.5484115745345
"226","1448925_at",-0.949109991182794,8.43598133033107,-11.6130462741175,1.43915875417269e-10,2.40634723998977e-08,14.4085342479182
"6008","1454674_at",-1.16683116680406,8.53832974976371,-11.5839460205617,1.50634276506783e-10,2.45571529275184e-08,14.3631383090919
"398","1423023_at",0.97732171591448,7.16755683349298,11.4439137213916,1.878432896932e-10,2.98762461485209e-08,14.1433972843698
"200","1416464_at",-1.59461857578746,9.16064474930293,-11.3849619224163,2.06260554107186e-10,3.20244065079276e-08,14.050244404672
"4622","1421515_at",1.27694185287403,7.07056924328467,11.3624451856324,2.13782498659513e-10,3.2420364506016e-08,14.0145630161504
"4431","1448883_at",1.28301201944612,9.18952415835165,11.0768752421845,3.38257391045586e-10,5.01312828865516e-08,13.5571104389937
"4124","1456062_at",-1.13181890590262,7.79853666737436,-10.986905232832,3.91563553135859e-10,5.6741909555532e-08,13.4110759390058
"2312","1428079_at",0.920051376128408,8.72390272177016,10.9613835631842,4.08224514921006e-10,5.78702622130409e-08,13.3694817598674
"3042","1436948_a_at",-0.715599915824133,7.38602612229146,-10.9260775724401,4.32497618550863e-10,6.00067440546847e-08,13.3118179875957
"3192","1418199_at",-1.5339040067199,8.61156420969913,-10.8511575917805,4.89110337352794e-10,6.6447677289116e-08,13.1889775986101
"3906","1419399_at",0.939460019298822,7.79989314008276,10.8010048295179,5.31271613406895e-10,7.07024936944156e-08,13.1063822500671
"5133","1428922_at",-1.12079793731821,7.88609226916568,-10.7791694822755,5.50792474070229e-10,7.18343544682393e-08,13.0703306037026
"2345","1439341_at",0.94955002917126,8.65096291278999,10.7487792961316,5.79211054168847e-10,7.40595153771579e-08,13.0200616268351
"763","1417851_at",-0.727774161724668,6.81455601769613,-10.6191512967463,7.18664540001204e-10,9.01232974105357e-08,12.8044236567467
"1059","1438118_x_at",-1.0237873259774,11.2162073164446,-10.4700954543884,9.23116038463825e-10,1.1357810729854e-07,12.5540071633947
"1715","1416232_at",-0.69698504967921,6.74864789312563,-10.3478686669609,1.13559432658859e-09,1.37133529697855e-07,12.3466784961601
"2973","1425574_at",-1.02018849814006,7.3248444746095,-10.3288168465249,1.1730397790454e-09,1.39079861802819e-07,12.3141991702389
"925","1421433_at",-1.0221117424214,7.71220279104686,-10.2796753249727,1.27566762822013e-09,1.48546939350419e-07,12.2302199834761
"782","1448877_at",-0.730442900528304,7.09469621395893,-10.2682816597391,1.30076805258951e-09,1.4881242931467e-07,12.2107071338747
"2534","1427891_at",-0.747022106361627,7.08539041326452,-10.2569375510675,1.32626951268153e-09,1.49113853313728e-07,12.1912634452482
"4896","1422602_a_at",0.716955563854543,6.88046958378122,10.0981445184009,1.74315087198702e-09,1.92662488749616e-07,11.9174404702224
"651","1422520_at",-1.1609902785436,9.05155555749166,-9.95690137718481,2.22836741652867e-09,2.42186398719724e-07,11.6712662217074
"1374","1422074_at",0.775621068717556,6.8721725466219,9.92391090106633,2.36071714525783e-09,2.52364532856169e-07,11.6134091394911
"3696","1418157_at",-0.992341444373954,9.31050589247903,-9.90727216203044,2.43053931926722e-09,2.55637853240993e-07,11.5841773134846
"3636","1421399_at",-0.723826738463253,6.91100963420453,-9.84116677636417,2.72983133299416e-09,2.82559208292935e-07,11.4676969369709
"1191","1418666_at",-0.849195112454651,7.52345958150288,-9.81322038376579,2.86763833027866e-09,2.90376586217723e-07,11.4182890378346
"5573","1442865_at",0.673843381045297,7.06475986157297,9.80357289319414,2.91687204526102e-09,2.90376586217723e-07,11.4012098757559
"4581","1423091_a_at",-1.06090529532508,8.01314125823767,-9.79708098771654,2.95049526452496e-09,2.90376586217723e-07,11.3897105048551
"6147","1427100_at",-1.0909365296289,9.01299868600375,-9.79078778269783,2.98347358941687e-09,2.90376586217723e-07,11.3785580215763
"1923","1436178_at",0.673575356377939,7.79585290292535,9.73025931692859,3.32090251057266e-09,3.18464783403593e-07,11.2710369592347
"2930","1423016_a_at",-1.52241807189139,8.45372119901653,-9.71582931371355,3.40704552676779e-09,3.21990491015257e-07,11.2453353850112
"4975","1426208_x_at",-0.83495995874137,11.7200567595725,-9.64544797660936,3.86170895111527e-09,3.59745772431752e-07,11.1195983066447
"1844","1437199_at",0.62643205052906,7.25301889304913,9.62097619168806,4.03418558184022e-09,3.70520058861692e-07,11.0757312512277
"3963","1422914_at",0.853224864145032,7.41076464218847,9.56067995095974,4.49413540480347e-09,4.07031346871159e-07,10.967319952897
"5538","1424303_at",0.746481740472271,7.16158880709575,9.47609287760064,5.23299258704906e-09,4.65532351089145e-07,10.8144475085131
"2683","1438702_at",-0.817956925357295,8.65908865567272,-9.47084040139638,5.28283913212647e-09,4.65532351089145e-07,10.8049244234398
"5940","1460722_at",0.769947799977323,7.12710150275829,9.41377338981086,5.85726977323470e-09,5.09270082550179e-07,10.7012283660748
"1498","1416776_at",-0.811069491879467,7.26264367857791,-9.39615611889666,6.04740707344854e-09,5.18883441131025e-07,10.6691309825099
"5483","1450584_at",-0.644732163261103,6.84552653953186,-9.30739628514836,7.10758890868226e-09,6.0192970485087e-07,10.5068037427787
"2348","1418733_at",-0.669767515022718,8.31801736535466,-9.2009609195094,8.63783570179166e-09,7.22145212966454e-07,10.3107954694054
"2216","1415802_at",1.0186988715702,10.7305486501305,9.17454648195904,9.06809212524663e-09,7.48519351249789e-07,10.2619214590634
"2623","1434973_at",0.705438414070747,7.30100098720728,9.14344460673843,9.60332948983153e-09,7.7760928580073e-07,10.2042567964702
"3096","1428074_at",0.539469801303476,8.40784887600612,9.14031329172398,9.65900201654027e-09,7.7760928580073e-07,10.1984441036521
"4863","1448783_at",0.826079235277777,7.11428303791708,9.12250574294119,9.98203354251069e-09,7.93815130862344e-07,10.1653632001783
"1461","1416382_at",0.923720177515341,9.2838867366595,9.04214903897651,1.15852037231745e-08,9.1020618649182e-07,10.015564717686
"6503","1455447_at",-0.660441558276529,8.31830165413802,-9.02867485314812,1.18791292026244e-08,9.22188113456116e-07,9.99036293869291
"1630","1417761_at",1.01608050159153,7.59943521217036,9.01677182837377,1.21452107945851e-08,9.31751995193996e-07,9.96807980373557
"1924","1417801_a_at",-0.734781840813235,7.79179535932648,-8.99991797222232,1.25325737166855e-08,9.50289688447749e-07,9.93649629276297
"2956","1440519_at",0.679280005570051,6.97505516115424,8.97288762880147,1.31807816881293e-08,9.87935685558555e-07,9.88576367769504
"424","1434921_at",-0.785031642533097,6.40719603582596,-8.96187651097447,1.34547083684365e-08,9.87935685558555e-07,9.86506933890299
"3032","1436888_at",-1.0140541612304,7.21139602650513,-8.96073041586711,1.34835571253966e-08,9.87935685558555e-07,9.86291443680749
"41","1417392_a_at",0.781236192538134,7.53119104068089,8.93193754411687,1.42297433330637e-08,1.03102395861009e-06,9.80872037268051
"446","1418505_at",-0.963554560427617,10.1369119550587,-8.77848410069521,1.89952237778695e-08,1.36118521159876e-06,9.51802336029348
"2440","1429511_at",0.894801813824239,6.52154184184744,8.65186675804377,2.4162542821623e-08,1.71265154065004e-06,9.27578586117668
"3183","1429022_at",-0.595708833834736,7.40946473727192,-8.63300059679074,2.5048980266929e-08,1.75639140129725e-06,9.23950728693568
"5340","1418606_at",-1.01867940637991,7.25287683918522,-8.58293130448113,2.7568572671692e-08,1.91249640842663e-06,9.14299377311823
"5003","1435618_at",0.579528283448586,6.96241932972515,8.55574866500039,2.90449986167212e-08,1.99370985241725e-06,9.09045457998093
"2858","1455249_at",-0.83858278749772,7.81579672781404,-8.54879643783032,2.94355963470963e-08,1.99947420603557e-06,9.07700110459803
"1011","1422524_at",-0.676653302865183,8.0258909351323,-8.50505803815399,3.20209578462965e-08,2.15266666098659e-06,8.99221135462991
"6362","1455500_at",0.569391148661886,7.6432116481971,8.43375408993753,3.67511464096616e-08,2.44545128303473e-06,8.85342756050893
"6425","1423878_at",-0.987958764682952,7.82099985196204,-8.30212985931172,4.7477482065679e-08,3.12727939949791e-06,8.5954218017783
"4270","1433968_a_at",-0.752567749524036,7.84506284938027,-8.22675572680716,5.50328457426218e-08,3.58869187087637e-06,8.44661203766433
"381","1416992_at",-0.591459459835835,7.77514468951036,-8.22025859875471,5.57398133643308e-08,3.5988051777109e-06,8.43374855131632
"4652","1449823_at",-0.540863573328832,6.91304151188313,-8.20454405625527,5.74888536978264e-08,3.67534132317182e-06,8.402611905261
"4774","1418158_at",-0.678618896403838,7.06044120712487,-8.17670168377309,6.07284544129682e-08,3.84475972065015e-06,8.34736239168471
"3882","1424448_at",0.645879357789364,7.486479102738,8.16478824002861,6.21717780792722e-08,3.89829004668206e-06,8.32368934778469
"1696","1423108_at",-0.66126473255785,9.0031280625114,-8.13024500435437,6.65606677420541e-08,4.13373442234224e-06,8.25493916808596
"5421","1423972_at",-0.768547840479602,10.125086083809,-8.12029271815847,6.78837065507896e-08,4.17612877752546e-06,8.23510118242865
"3268","1417147_at",-0.548300048048783,7.64971327338615,-8.05722313880476,7.69250986842976e-08,4.68811746280659e-06,8.10906869418157
"1583","1437983_at",0.788808953004917,8.2394131570663,8.04080006879117,7.9477820543794e-08,4.79884136820445e-06,8.07616091985955
"4230","1428741_at",-0.908551215472444,7.98439495344552,-7.96436113821595,9.25636470285854e-08,5.53768387406794e-06,7.92250981348864
"1460","1416158_at",-0.644723904003719,8.21486204313381,-7.94276246175528,9.66508824893403e-08,5.72964004284535e-06,7.87894884429879
"450","1437086_at",-1.0204263711404,6.73591503425549,-7.92615331970862,9.99204987378796e-08,5.8701042546821e-06,7.84540744208577
"4853","1450770_at",0.61766125153109,8.00058509157144,7.89053260182237,1.07323812060002e-07,6.24873730752923e-06,7.773345493165
"959","1417396_at",0.656774125899943,7.76546566892605,7.82728619189263,1.21897154129645e-07,7.03443665557003e-06,7.64496715968276
"6239","1449005_at",0.774689151357437,8.39962625242997,7.80581818524854,1.27296460714393e-07,7.28158087998734e-06,7.60126648174271
"390","1428706_at",-0.596408114035661,8.24434164700175,-7.79841957794641,1.29213982129108e-07,7.32699458664273e-06,7.58619110092774
"3726","1454799_at",0.544518275959756,6.65517229670924,7.72012399090326,1.51432419292783e-07,8.51285177765723e-06,7.42619655839165
"2127","1428696_at",0.561990048865801,7.6142800537441,7.70378693849994,1.5654616924784e-07,8.72510743303557e-06,7.39270642864331
"3715","1415971_at",-0.607120440009702,11.7082260997556,-7.68405181095019,1.62962193699348e-07,8.97123586719418e-06,7.35220168592581
"2840","1459749_s_at",-0.96752580491275,7.43646598580477,-7.68179288618967,1.637137046766e-07,8.97123586719418e-06,7.34756202646291
"6423","1425526_a_at",-0.780056983920864,7.91172844325314,-7.67733324950759,1.65207882526395e-07,8.97767168295519e-06,7.33840022195584
"3838","1424699_at",0.443065884902946,7.59849017435639,7.6726281816429,1.66799559714089e-07,8.98925561070723e-06,7.32873125710429
"2071","1423422_at",-0.756879286856561,8.00110667298714,-7.65058759395124,1.74469178999031e-07,9.32552062502199e-06,7.28339728459067
"4061","1429209_at",-0.469535401391787,7.4433672149816,-7.62916911082496,1.82271439159687e-07,9.66335003870177e-06,7.23927922035942
"3579","1438884_at",-1.03032063729666,6.84434826951022,-7.56397402150958,2.08313136739367e-07,1.09549190699791e-05,7.10460364331335
"315","1417642_at",-0.511528025098173,6.6760503118193,-7.51688885972525,2.29487102597802e-07,1.19718831683222e-05,7.00697741931028
"6519","1452406_x_at",0.717095727763034,11.4792043995252,7.49034934565536,2.42388522696987e-07,1.23725407357671e-05,6.95181726031064
"4846","1418863_at",0.55027316703329,7.24126099617526,7.48947283525266,2.4282715964563e-07,1.23725407357671e-05,6.94999386974119
"1910","1417051_at",-0.91428126316135,8.16950393587823,-7.48459700633139,2.45282189335e-07,1.23725407357671e-05,6.9398488508127
"3017","1449147_at",-0.486180601400202,7.45990835341891,-7.48175493480253,2.46724999595361e-07,1.23725407357671e-05,6.93393392793376
"4382","1452249_at",0.702862651072751,8.51108630505093,7.47823841463983,2.4852232741496e-07,1.23725407357671e-05,6.92661381932744
"4197","1428349_s_at",-0.91097067691453,7.951214864374,-7.47568591635854,2.49835389965626e-07,1.23725407357671e-05,6.9212993970345
"1802","1451386_at",-1.06718691174295,8.88253090132503,-7.47449860028712,2.50448608667575e-07,1.23725407357671e-05,6.91882704648847
"6144","1416900_s_at",0.6119399739867,7.26384914791405,7.41092103758448,2.85659571628633e-07,1.39929255649204e-05,6.78615930405922
"2637","1427347_s_at",-0.750450420249487,9.91696488195709,-7.4067515549634,2.88140084597222e-07,1.39929255649204e-05,6.77743962019358
"874","1423717_at",-0.762746053519963,9.36492698202513,-7.40148294957592,2.91306290418024e-07,1.39929255649204e-05,6.76641795323025
"489","1448562_at",0.650034489312964,7.47802373360788,7.4006135261301,2.91832215431555e-07,1.39929255649204e-05,6.76459879930363
"4257","1417409_at",-0.709503544503347,8.48822135813546,-7.37399832464583,3.08414966129127e-07,1.468010214692e-05,6.70886036835595
"650","1418494_at",-0.726942397102704,7.77627850976254,-7.28978188845171,3.67583489765549e-07,1.72836334479108e-05,6.53185934385867
"5967","1423809_at",-0.6038577201839,8.95196854673529,-7.28870243308439,3.68413594427174e-07,1.72836334479108e-05,6.52958438490441
"1362","1454704_at",-0.530512199634014,9.12889895540273,-7.27011802679539,3.83012029987272e-07,1.78401531967643e-05,6.49039297082028
"2383","1435648_at",0.541996957325362,7.28239915568997,7.24869026498131,4.00586438642354e-07,1.85264125275659e-05,6.44514758004089
"2503","1426867_at",-0.564688494584387,7.00107779845911,-7.23796522613234,4.09692808789851e-07,1.8814132437455e-05,6.42247809385938
"3300","1429841_at",-0.701920065102897,7.36688196552404,-7.20283980271002,4.4103891499022e-07,2.01119913611974e-05,6.34812523213974
"1323","1429459_at",-0.590268875774478,7.13098034288081,-7.15323538986235,4.89571344173391e-07,2.2170102328852e-05,6.24284132547682
"6245","1422612_at",0.653950074818628,9.17647183488512,7.10934231266642,5.3709856593782e-07,2.41546189550381e-05,6.14940483374243
"3398","1418519_at",0.462787534899982,7.08132997880103,7.08913736399325,5.60549523738777e-07,2.50365989335655e-05,6.10630750291693
"6122","1434286_at",-0.80272103577693,7.30030693426931,-7.07389474080729,5.78937006579568e-07,2.56819606796283e-05,6.073758858129
"347","1417868_a_at",0.687263565952765,10.7935484875639,7.02586122471976,6.41049469139676e-07,2.8245159380134e-05,5.97098747978873
"6342","1436736_x_at",-0.753907663502543,10.2819906684873,-7.01711438367134,6.5307887303218e-07,2.85820626244486e-05,5.95223999829641
"6444","1440005_at",-0.478146222605888,7.00773905808686,-6.97207009504889,7.18812046709071e-07,3.1249155710599e-05,5.85553437932311
"940","1449058_at",0.4710536968792,7.29044436180524,6.96440123231712,7.30664379010621e-07,3.15540557319752e-05,5.83904340583229
"1991","1449340_at",-0.671648333424809,7.4238917781594,-6.93785276381987,7.73271863080666e-07,3.31743803891383e-05,5.78189427832204
"5345","1434436_at",0.651662982463485,8.35798116580472,6.89672983281669,8.44382359303451e-07,3.58200777974331e-05,5.69318889127807
"506","1426640_s_at",-0.688652525341578,8.63446438923964,-6.89587645571194,8.45927308818386e-07,3.58200777974331e-05,5.69134574267952
"3023","1418424_at",-0.528128117800784,6.69350570439001,-6.87897512803711,8.77131894180251e-07,3.67812737020198e-05,5.65482214351591
"3359","1437231_at",-0.589323060703014,6.78742119737665,-6.8775016921309,8.79907789835162e-07,3.67812737020198e-05,5.65163629422114
"2121","1455991_at",-0.517157124746103,7.85603536437716,-6.86076641395953,9.12078066311041e-07,3.78831915313013e-05,5.61543154644939
"5095","1425483_at",-0.54761761766755,6.88591702948951,-6.85507240036917,9.23297509162897e-07,3.8106475045894e-05,5.60310491058152
"4274","1429314_at",-0.536148107937968,7.7079667490685,-6.84599186384939,9.4148429404159e-07,3.86126986254416e-05,5.58343825298681
"3934","1419589_at",-0.543772486054608,7.59979818592333,-6.78018930556365,1.08478182365842e-06,4.39021508361627e-05,5.44060296108491
"6460","1418916_a_at",0.765783201148253,7.75865093789527,6.77985482075246,1.0855649030023e-06,4.39021508361627e-05,5.43987547496147
"5508","1416069_at",0.534050007456596,7.80166502639496,6.77768749886955,1.09065303411415e-06,4.39021508361627e-05,5.43516131877115
"4565","1448558_a_at",-0.50769077621882,7.33053992220571,-6.76845215543319,1.11261083703361e-06,4.45112593147003e-05,5.41506666918262
"2052","1423306_at",0.495166679786847,7.73283210243812,6.75785301146001,1.13837221704713e-06,4.52641782156361e-05,5.39199105688805
"2554","1435452_at",0.551630543957854,7.80795993909309,6.75405391891038,1.14775458237055e-06,4.53606523129596e-05,5.3837164535973
"4709","1436959_x_at",-0.654876887412334,9.46627097327804,-6.73904154836125,1.18561421815068e-06,4.65746404612084e-05,5.35100064320114
"1596","1428942_at",-1.04286165648607,10.5201753819809,-6.73180294671959,1.2043256398802e-06,4.70263922015496e-05,5.33521552774623
"3680","1436578_at",0.442003986060086,6.2251373406042,6.70517149924003,1.27581958477456e-06,4.95215447161601e-05,5.27708291074658
"2837","1441107_at",-0.533404752790883,7.12399956756405,-6.68991549631851,1.31872653366227e-06,5.08841167219625e-05,5.24374039709794
"1034","1426037_a_at",-0.522452606972998,6.75352184610847,-6.66963866558409,1.37806067765959e-06,5.28607863471657e-05,5.19937876644788
"3295","1416402_at",-0.635597706143534,8.57573669481089,-6.65566187670711,1.42055098245221e-06,5.41720055939815e-05,5.16876991717246
"1747","1449544_a_at",-0.678405605186136,7.67093392959365,-6.62062723875901,1.53307651760546e-06,5.81232091354955e-05,5.09193604651033
"1546","1418139_at",-0.641070144287046,7.95498062041513,-6.6110321984867,1.56546363201707e-06,5.90080251120424e-05,5.07086627181428
"2049","1429523_a_at",0.583571388769863,7.32538471221165,6.56715282075896,1.72277632661102e-06,6.4564508194428e-05,4.97436388260369
"6062","1422818_at",-0.617838227974234,8.09558752770283,-6.5574373691025,1.75975053700442e-06,6.5573332867462e-05,4.952964399338
"1528","1417216_at",0.46151902247485,7.51455515942797,6.49589854788187,2.01366768679853e-06,7.46086760546206e-05,4.81714457678555
"2400","1453285_at",0.532308637622586,8.88100077013263,6.47911686123074,2.08923497158244e-06,7.69711935010683e-05,4.78002501211209
"116","1416896_at",0.512622089838363,8.56728603505413,6.47216590756172,2.12138169624669e-06,7.77164609057565e-05,4.76463997335464
"1120","1421963_a_at",-0.482171180847039,7.85547417581236,-6.46142189881514,2.17207265986271e-06,7.91289710333225e-05,4.74084781187109
"4393","1421983_s_at",0.5564050590387,6.72225296156804,6.45258669830051,2.21468839555713e-06,8.0233239041267e-05,4.72127201306766
"2489","1449240_at",-0.579154958719054,6.71809601353276,-6.44657718101919,2.24416419983893e-06,8.08519046803847e-05,4.70795150256887
"475","1439148_a_at",0.603961502871268,10.2964253959071,6.44182287595036,2.2677684222712e-06,8.12533949540136e-05,4.69741012608161
"2876","1436821_at",-0.537522954455789,6.84596777595734,-6.43228035105689,2.31591715686749e-06,8.2525113551546e-05,4.67624384158014
"5579","1448716_at",-1.5542215118322,11.1586298770307,-6.42797892432586,2.33796266064632e-06,8.25722700591343e-05,4.66669920894366
"1416","1423367_at",-0.564858625410353,7.09591475095973,-6.42515839180924,2.35253512705008e-06,8.25722700591343e-05,4.66043937594306
"5126","1428739_at",-0.400526186551987,7.79541416868525,-6.42463913020867,2.35522806793421e-06,8.25722700591343e-05,4.65928683157258
"1445","1435204_at",-0.579632298507058,7.26258071551932,-6.38710385024267,2.55851207632679e-06,8.88093123864116e-05,4.57588738321572
"394","1415793_at",-0.636979283269698,9.13205226489155,-6.38677568442411,2.56036661994255e-06,8.88093123864116e-05,4.57515748047147
"615","1448931_at",0.440682247333839,7.16986792830072,6.38280744665163,2.58290154474505e-06,8.9116936366574e-05,4.56633034055086
"6229","1417018_at",-0.547974788284376,8.39043091702744,-6.36060882762087,2.71277043655463e-06,9.29807877929315e-05,4.51691563952962
"3177","1417439_at",-0.509240722960885,8.00973279318546,-6.35883942536051,2.72340599117465e-06,9.29807877929315e-05,4.51297435266843
"4485","1428140_at",-0.641332504958632,8.82255661759228,-6.34969857719573,2.77903506816075e-06,9.43858733306054e-05,4.49260742047131
"1769","1427072_at",0.560743460915496,8.42903568968751,6.34375719922625,2.81581657580684e-06,9.51395849266136e-05,4.47936392920815
"3907","1457086_at",-0.493341910139184,6.94552238946976,-6.34086022012033,2.83393170509787e-06,9.52580858192949e-05,4.47290495210503
"6550","1424445_at",0.437707791387231,6.87371019078555,6.33544601232959,2.86810842080492e-06,9.59124872413789e-05,4.46083098186324
"1766","1424383_at",0.426500346308456,7.92131772459258,6.33104917232133,2.89617393255425e-06,9.63568888478892e-05,4.45102321859224
"964","1426752_at",0.383278507288894,8.53494900757331,6.32396533443109,2.94198458831382e-06,9.73841700527636e-05,4.43521688046107
"5584","1417337_at",-0.7181325462165,7.21648751555261,-6.30753943157594,3.05109066809033e-06,0.000100485667912207,4.39854237705057
"4579","1422847_a_at",0.489057400677996,8.07352610996201,6.29420735304907,3.14269214677819e-06,0.000102982389392666,4.36875197698204
"2297","1420414_at",-0.570366906231456,7.21684686357634,-6.29073287500854,3.16702436724566e-06,0.000103260829494045,4.36098483216893
"4881","1418814_s_at",-0.582902754374867,10.6289524263515,-6.27049060745291,3.31267511470857e-06,0.000107472410064749,4.31570519981809
"5393","1419288_at",-0.419033878803631,6.81310572704952,-6.26142382717876,3.38012360781386e-06,0.000109117752705714,4.29540820690503
"906","1424890_at",-0.439005824319528,7.30584800337136,-6.25336817942793,3.4412307474101e-06,0.000110543180807198,4.27736665098122
"143","1417954_at",-0.41447525576604,7.35603934834723,-6.24197565855019,3.52958894652072e-06,0.000112825732942459,4.25183880887182
"6068","1423499_at",-0.421851053445931,7.42546202980921,-6.21951625449932,3.71065337466995e-06,0.000118034978810843,4.20146844328523
"2139","1419118_at",0.493048041815745,7.39273124416509,6.21348429133776,3.76088475348643e-06,0.00011905208484216,4.18793039065521
"3836","1450683_at",-0.498367963396624,8.14153927411783,-6.20752024979497,3.81123571248805e-06,0.000120063130826737,4.1745406334832
"4507","1433891_at",-0.408530669215587,9.30386448148141,-6.20527185782645,3.83039639703979e-06,0.000120086610120656,4.16949174219081
"1695","1427414_at",-0.4623154917012,7.02948014187196,-6.19755243535052,3.89693535335113e-06,0.000121588112149295,4.1521528946605
"6531","1436685_at",-0.393039310966401,6.71249914426662,-6.18124872023597,4.041387812759e-06,0.000125158165013401,4.11550999976183
"5880","1438018_at",0.628334394346551,8.91375434811101,6.18032407473161,4.04974280291788e-06,0.000125158165013401,4.11343092568374
"5571","1423078_a_at",-0.540908361158488,9.44406918927358,-6.16697727672519,4.17233326706465e-06,0.000128338609596833,4.08340959683649
"1597","1422557_s_at",-0.947648406827087,10.3730083191247,-6.13356001127239,4.49622235446239e-06,0.000137651952926992,4.00815394247786
"3434","1417217_at",0.376620142205569,7.56645875061851,6.1267807059452,4.56501090219931e-06,0.000139104841557204,3.99287146777192
"3054","1418600_at",-0.866785319521185,9.04149879807297,-6.11678184354487,4.66844037420048e-06,0.00014117676892086,3.97032171329843
"2966","1455099_at",0.50008551008129,9.17959762547273,6.11603088883236,4.67630456784323e-06,0.00014117676892086,3.96862768053128
"1826","1454752_at",0.565196322201963,7.84165955590158,6.10204544956534,4.82526829531907e-06,0.000144418365118408,3.93706717985762
"5038","1435322_at",-0.409027169456271,8.61601684400763,-6.10171616628565,4.82883356428741e-06,0.000144418365118408,3.93632383164495
"4787","1422014_at",-0.390095119880037,6.95709353866245,-6.09975549426649,4.85011838075928e-06,0.000144418365118408,3.93189741490735
"323","1451475_at",-0.574199880567776,7.9605504680975,-6.09670630756921,4.88341100860982e-06,0.000144748741759748,3.92501270851884
"1351","1426708_at",-0.560603230438668,8.04764956455474,-6.08474599734679,5.01627489745243e-06,0.000148014156589535,3.89799767637527
"219","1427115_at",-0.476016952161524,8.4500342239699,-6.07515559439038,5.12548212903522e-06,0.000150555265601075,3.87632406502275
"3998","1422823_at",0.429106751722463,7.4939760939222,6.06407750789047,5.25466413011925e-06,0.000153657689652501,3.85127565214505
"5294","1452001_at",-0.68405441334528,7.72374014879301,-6.04517185651556,5.48287234406736e-06,0.000159615225694925,3.80849708726869
"4523","1417950_a_at",0.562366673917619,9.5960786606682,6.03478200074499,5.61258137167037e-06,0.000162156605062269,3.78497075227398
"1229","1416623_at",0.461569982866271,7.87045124735683,6.03420281292945,5.61990380985628e-06,0.000162156605062269,3.78365891525676
"3397","1418483_a_at",0.497737573657373,8.2157459467666,6.00244254034891,6.0367748620903e-06,0.000173417660245334,3.71166695298036
"5987","1416914_s_at",-0.450547944795845,9.04224300064964,-5.97981193609864,6.35300857091896e-06,0.000181701617942818,3.66030252270139
"407","1428717_at",-0.487290068664472,7.630061007698,-5.9653663325657,6.56368079636289e-06,0.000186907259707784,3.62748659507197
"2336","1416349_at",-0.636799209735525,9.72423248688245,-5.95625658405941,6.70019684889419e-06,0.000189315239369432,3.60678055821526
"2492","1454933_at",-0.515245798710007,8.90595614167189,-5.9558533800641,6.70630582645896e-06,0.000189315239369432,3.60586388894672
"5955","1428804_at",0.42964519371824,7.11200960334477,5.94950898622902,6.80318378725874e-06,0.000191222247744458,3.59143785958223
"3153","1424842_a_at",0.567964854661697,7.46596950921024,5.9361820529625,7.01137202640436e-06,0.000196228141563016,3.56112080486844
"5783","1426696_at",0.521910854699433,8.78059992616741,5.91583878299486,7.34180749387576e-06,0.000204597977211811,3.51480618231479
"1563","1438097_at",0.407999067162794,6.36438906888762,5.89243592765893,7.74170181225877e-06,0.000214823989437189,3.46147206673356
"1863","1451066_at",0.442134834995313,8.65080534564169,5.87240724698743,8.10159493773646e-06,0.000223858053343133,3.41578216236232
"3363","1429163_at",-0.581027719904846,7.52863052954214,-5.86512188022184,8.23670747976506e-06,0.000225844034835338,3.39915229705176
"3081","1451344_at",-0.461624139325579,8.08319503274448,-5.864799680111,8.24273582131735e-06,0.000225844034835338,3.39841670382871
"604","1419465_at",-0.359784707444073,6.95032005148935,-5.83631333008316,8.79393761226557e-06,0.000239938356358091,3.3333392925658
"6343","1436515_at",-0.577721917429387,7.70826456244092,-5.83148392228028,8.891054152536e-06,0.000241577350536197,3.32229822584957
"649","1416922_a_at",0.56396902161023,10.6547342243328,5.807967072141,9.37986127294027e-06,0.000253801142576114,3.26849983489327
"4751","1416723_at",-0.528319597975496,8.8291492644774,-5.77684698982244,1.00692102779856e-05,0.000271327769515472,3.19722241748638
"5256","1428584_a_at",-0.487950371065054,8.68767598722273,-5.76136488145548,1.04312196837989e-05,0.000279350057251862,3.16172632177072
"4202","1451857_a_at",0.357881311501684,6.95612878728642,5.76024171626157,1.04579935546744e-05,0.000279350057251862,3.15915030090853
"4686","1423725_at",0.383211991119774,9.46766546713304,5.75769573258368,1.05189445044734e-05,0.000279350057251862,3.15331053351222
"1269","1439106_at",-0.532753712448072,8.59414851930383,-5.75689127779555,1.053827849777e-05,0.000279350057251862,3.15146520889761
"3965","1422552_at",-0.549584258757389,8.36896534526513,-5.74383570753319,1.0857174037743e-05,0.000286638185830454,3.12150839058267
"5843","1436050_x_at",-0.449500870250727,8.1995937848948,-5.72592075964142,1.13108720245869e-05,0.000297412082549722,3.08037434990508
"2102","1417902_at",-0.466155092257114,7.83862394972879,-5.72401797735749,1.13601836594517e-05,0.0002975090668405,3.07600359108993
"4809","1418758_a_at",-0.514994342183802,8.57546737794585,-5.71736490909268,1.15343332351116e-05,0.000300861548104651,3.0607185048125
"1305","1417049_at",-0.507229358313198,7.97077915959353,-5.69250337112403,1.22095817512696e-05,0.000315128653457793,3.0035627311863
"6218","1426362_at",0.349621876676848,6.96863830249201,5.69133583754072,1.22422666359688e-05,0.000315128653457793,3.00087716149995
"1273","1450784_at",-0.448120254721827,8.93179875309383,-5.69089285669615,1.22546911550733e-05,0.000315128653457793,2.99985817963056
"6140","1433577_at",-0.656746027439699,7.74961592963696,-5.69018392409084,1.22746017448672e-05,0.000315128653457793,2.99822739427559
"6390","1416831_at",0.432505409066675,7.44476652254591,5.686871200201,1.2368079059423e-05,0.000316283308025479,2.99060637311287
"6191","1441228_at",-0.361702303236942,6.93662313749861,-5.67892733943413,1.2595207099654e-05,0.0003201614791303,2.97232704193536
"6079","1450704_at",0.437793931653862,6.73345003253173,5.67814077097434,1.26179267192895e-05,0.0003201614791303,2.9705167727291
"2854","1429809_at",-0.505800069403895,7.48884644643254,-5.65244915136619,1.33834659626457e-05,0.000338269695900824,2.91135611065325
"4017","1427354_at",-0.432882540874727,6.57576003988376,-5.61699735729302,1.45183390473668e-05,0.000365537022887563,2.82961968595108
"2892","1419467_at",-0.441216306546566,7.10996071827382,-5.61267854720179,1.46631423415697e-05,0.000367762889266832,2.81965449801373
"31","1434037_s_at",-0.506169852835589,7.95390086046097,-5.60860930116482,1.48009256714112e-05,0.000369796307675374,2.81026359749684
"1376","1448942_at",-0.473805945644511,8.85515790873416,-5.60625504356894,1.48812421934894e-05,0.000370383894441771,2.80482981548503
"2589","1422331_at",-0.601426111153788,6.64857313065587,-5.59239968616177,1.5363011562363e-05,0.000380920906456918,2.77284056788811
"568","1416164_at",-0.576447015840232,7.67802478181051,-5.57895583149303,1.58456774004469e-05,0.000391400236092101,2.74178488017909
"465","1434306_at",0.407214259014381,8.46019282616072,5.57637356539108,1.59401423667426e-05,0.000392247805183127,2.73581792047227
"3353","1422164_at",-0.430972531786789,6.75784433656692,-5.57381789787162,1.60341995928919e-05,0.000392763111848173,2.72991183810755
"4141","1417985_at",-0.649213704137964,9.21583600112064,-5.57129229941962,1.61277060293145e-05,0.000392763111848173,2.72407467353914
"4614","1426306_a_at",-0.451108138410753,9.58150122058674,-5.57091359372696,1.6141774877367e-05,0.000392763111848173,2.72319935984125
"564","1419408_at",-0.391996257007699,6.42808391820971,-5.56443377751012,1.63844466523253e-05,0.000396215455871832,2.7082203969317
"3184","1436194_at",0.418584354025116,7.82426579296821,5.56248406654036,1.64581894942418e-05,0.000396215455871832,2.7037126511711
"3599","1448816_at",0.492867027328424,8.73851568569575,5.56227969078254,1.64659390494198e-05,0.000396215455871832,2.7032401134922
"5511","1427982_s_at",-0.490220514263283,7.72152710684086,-5.53807208464606,1.74106665334042e-05,0.00041740792817768,2.64724367253017
"2311","1447416_at",0.361720717480874,6.294025899649,5.52796894608402,1.78211222872072e-05,0.00042568329097025,2.62385821411898
"4553","1453060_at",-0.299761284547438,6.61859099195185,-5.52054266817154,1.81291029539871e-05,0.00042985003430616,2.60666318258146
"4783","1436962_at",0.405733977176137,7.35267439105081,5.51927223735611,1.81823306436622e-05,0.00042985003430616,2.60372111232982
"3861","1424809_at",0.3857459593407,7.67410243225364,5.51901052742749,1.81933153609109e-05,0.00042985003430616,2.60311502589041
"4979","1435026_at",-0.452202202010313,7.36580050542023,-5.50959160932553,1.85931879852011e-05,0.000436287357144084,2.58129811713323
"2411","1418678_at",0.422899495669053,7.72782685996325,5.50944264200112,1.85995836966808e-05,0.000436287357144084,2.58095300522151
"5953","1417045_at",0.516081589873458,7.81070148822736,5.49136503467799,1.93926002302031e-05,0.000452080630053897,2.53905868816569
"1807","1455593_at",1.25883621041223,8.27189679759402,5.49094280691445,1.94115283568611e-05,0.000452080630053897,2.53807985722424
"6525","1434856_at",-0.656816022219943,7.76584752984202,-5.47926703954159,1.99424657578954e-05,0.00046272018243922,2.51100653201854
"5099","1422625_at",-0.513049044565221,7.68892792301703,-5.47779841144659,2.0010288521371e-05,0.00046272018243922,2.50760032412547
"3739","1421118_a_at",-0.43045687884278,7.12027606320546,-5.47325626745785,2.02215399288603e-05,0.000465952868820134,2.4970645322613
"6275","1449563_at",-0.447742996053803,7.29147088107014,-5.46841051646315,2.04494169541728e-05,0.000469544535063947,2.48582261115223
"124","1423085_at",-0.395703838062642,7.76610784631795,-5.45795236175517,2.09501778283508e-05,0.000479354770591845,2.4615535394232
"4842","1445503_at",-0.517809504677246,6.65734495067029,-5.4463696884478,2.15193750695759e-05,0.000490656800100365,2.43466441599535
"1037","1421277_at",-0.568982234083922,7.12857247058788,-5.43109781363243,2.2294016395239e-05,0.000506548017119699,2.39919410324373
"4872","1420567_at",-0.478606359962737,7.83974328634918,-5.42499332073407,2.26115448114475e-05,0.000511978762900864,2.38501058773576
"685","1427168_a_at",-0.470356547329552,7.9654887482901,-5.41401923820348,2.31939920165063e-05,0.000523349556884558,2.35950528104835
"1217","1421299_a_at",0.550768418269564,6.92436771040424,5.41209391948885,2.32977417738406e-05,0.000523877841749015,2.35502957902368
"103","1427044_a_at",0.458332315824342,7.82577096749112,5.40831205784625,2.35029124244208e-05,0.000526675229964426,2.34623719714714
"2439","1417695_a_at",0.408761307396132,8.89040603836364,5.40505462400962,2.36811058793704e-05,0.00052885099808005,2.33866313883585
"6379","1417103_at",0.560593802870418,9.47536193478339,5.40307685717396,2.37899671284474e-05,0.000529468858855309,2.33406410284331
"2522","1424450_at",0.42373219558987,7.26639591003239,5.38159311496635,2.50058180647526e-05,0.000554635848980448,2.28408669687262
"6002","1429024_at",0.399074578835507,6.93598593702046,5.37334259324251,2.548938698979e-05,0.000563445059526849,2.26488404123349
"55","1450744_at",-0.677178171543133,8.05197897736452,-5.3516705414406,2.6805424595703e-05,0.000590534370907363,2.21441858446383
"1655","1452010_at",-0.336705890676541,6.71092328505367,-5.34694489282693,2.71014517454726e-05,0.000595045679569787,2.20340971490439
"2954","1437382_at",-0.481560474823551,8.4170918878784,-5.34007942174022,2.7537458642489e-05,0.000602589824857955,2.18741291918212
"6508","1432103_a_at",-0.422642278410799,7.75090233614038,-5.33524558258316,2.78487160497239e-05,0.000607362800535952,2.17614778007952
"3607","1421381_a_at",-0.560655567852561,8.64525861594589,-5.30448064718193,2.9915343842659e-05,0.000650259857326597,2.10441035632882
"6154","1431012_a_at",-0.519920216705344,9.23101598690277,-5.30009859126587,3.02221402692243e-05,0.000654746101978777,2.09418668416959
"3030","1418337_at",-0.479606678852177,8.61578903277518,-5.29689131245877,3.04487138781136e-05,0.000657470407944301,2.08670297772267
"4206","1419592_at",-0.474224463465478,7.30207854444779,-5.29068933882755,3.08917535506069e-05,0.000664835395721147,2.0722294989662
"4874","1416805_at",-0.466976185107089,7.5505248588354,-5.28510229182395,3.12964745970267e-05,0.000671329969892141,2.05918871013242
"3261","1419717_at",0.478811010617586,7.0733219527167,5.2813987371543,3.15677235218275e-05,0.000674928278969958,2.05054297624593
"2274","1435345_at",-0.398575264812425,7.41366128552549,-5.27981339809733,3.16845631874878e-05,0.000675212537730745,2.04684179643351
"5720","1422628_at",-0.426689692325592,8.63826335197076,-5.27675807316256,3.19109822902539e-05,0.000677822526106664,2.03970824189517
"364","1424865_at",0.46274667977232,6.53690268434728,5.26784585944638,3.25808736284025e-05,0.000689804795229911,2.0188962995328
"80","1417130_s_at",-0.362735603503483,7.91030617015822,-5.25558365437616,3.35259977599654e-05,0.000705414691146361,1.99025232751156
"4534","1427202_at",0.408719697378425,7.31976352078543,5.25452814295712,3.36086436777125e-05,0.000705414691146361,1.9877862114657
"3706","1421922_at",-0.35190251349323,7.70308840124067,-5.25409411203344,3.36426880764481e-05,0.000705414691146361,1.9867721114051
"4086","1449071_at",0.492993643009001,10.084616731103,5.23081572921835,3.55208782160293e-05,0.00074240912450874,1.93236397429316
"6003","1435188_at",0.355432810603471,6.97386196167295,5.22368565797722,3.61172107567117e-05,0.000752461122506443,1.91569164401958
"6383","1419633_at",-0.461205841338042,6.77539351393546,-5.21492437633315,3.68639180671275e-05,0.000765572005464136,1.89520038334897
"70","1428580_at",-0.494252701992693,8.15071852630746,-5.20900935945598,3.73768922524565e-05,0.000772703444299457,1.88136321103127
"6279","1431705_a_at",0.394423751540531,6.58398579370583,5.20823821322949,3.74443012419305e-05,0.000772703444299457,1.8795590761215
"1520","1419032_at",-0.472495821606367,7.65600865412295,-5.19845399692047,3.83103777170218e-05,0.000786173688957587,1.85666503265654
"5797","1424048_a_at",0.409275406786543,8.29391533847394,5.19814370896604,3.83381740666328e-05,0.000786173688957587,1.8559388890815
"2753","1451268_at",-0.433886808557231,7.74673502174556,-5.19017256617626,3.90593123302142e-05,0.000798450707540209,1.83728248363817
"4732","1417806_at",0.377467980194923,7.6785683242617,5.18500180299225,3.95344544599421e-05,0.000805638054791508,1.82517815677799
"1553","1416222_at",-0.372623085371938,9.49790486595183,-5.16874696131808,4.1066682729228e-05,0.000834254947281296,1.78711582196379
"6047","1436361_at",-0.548068062753106,7.63332111962856,-5.16431556231754,4.14947629849528e-05,0.000840333383307072,1.77673636623209
"160","1451191_at",-0.412408678183601,10.5477143184539,-5.16249432527733,4.16720081578965e-05,0.000841310108971031,1.77247021297116
"231","1416863_at",-0.400638401526606,7.68470637986858,-5.1489843043869,4.3011042585403e-05,0.000865374326331789,1.74081726450446
"3517","1447707_s_at",-0.442221732751197,9.02709582085044,-5.14781099842142,4.31293752580634e-05,0.000865374326331789,1.7380677672623
"4886","1429390_at",-0.455569864947305,7.9507462042123,-5.14359187166385,4.35576282390492e-05,0.000871286177137546,1.72818007056347
"5009","1441947_x_at",-0.345455747183976,7.01332745987841,-5.12547396849839,4.54462566755912e-05,0.000906284525325781,1.68570776964588
"618","1427005_at",-0.494518039965641,8.90860982108418,-5.12166154305119,4.58541336757295e-05,0.000911630505181196,1.67676811328617
"654","1449998_at",0.363326077333682,6.43379035424738,5.11967832783443,4.6067776890116e-05,0.00091309414316245,1.67211738344676
"5893","1428823_at",-0.35026980615867,8.91759973558141,-5.10840205284838,4.73018608670147e-05,0.000934713438526675,1.64566960942296
"4323","1434228_at",-0.437318285383965,7.36326202064886,-5.09401536184543,4.8925177181881e-05,0.000963870333543946,1.61191583282253
"233","1419184_a_at",0.428722224801453,7.98029145300204,5.07910166537819,5.06676550871497e-05,0.000995192104889467,1.57691314888839
"558","1450556_at",-0.390088282719669,7.27027787679255,-5.07738852397425,5.08718029769004e-05,0.000996201282920023,1.57289157835909
"6247","1420998_at",0.56773179166173,7.50352693288588,5.06358926737616,5.2546917781861e-05,0.00102452578754591,1.54049212959187
"5528","1418317_at",-0.511303735368211,7.42131597374499,-5.06289677275274,5.26324396300997e-05,0.00102452578754591,1.53886593705674
"1090","1416658_at",0.448096057870657,8.44585528020528,5.06028067994941,5.29567979087537e-05,0.00102777166417554,1.53272230257048
"871","1424711_at",-0.34711824201837,7.4621539707809,-5.04027017522638,5.55057981904672e-05,0.00107404543026717,1.48571742817807
"904","1438567_at",0.364455466119966,6.46130847125698,5.02437607189314,5.76188139445954e-05,0.00111163398145771,1.44836696045017
"2657","1416149_at",-0.375688868086318,6.78858688610637,-5.02278677748274,5.78345337635581e-05,0.00111250440906243,1.4446314671546
"3903","1424671_at",0.280416167290446,7.54014008948697,5.00260619457244,6.06459545177818e-05,0.00116315373356016,1.39718768947984
"4306","1421224_a_at",0.360187653059123,6.72164858459444,4.99393221335735,6.18965306298269e-05,0.00118365770157508,1.37678925488758
"2812","1419311_at",-0.663662653117409,8.15664131754146,-4.98289705513584,6.35253685942079e-05,0.00121125417720126,1.35083278908826
"2193","1416762_at",0.425761900059548,10.2281061325047,4.97469348789442,6.47643290622822e-05,0.00122870838447836,1.33153289982042
"6061","1451210_at",-0.36273440147972,8.60648341757939,-4.97434422127709,6.4817617583278e-05,0.00122870838447836,1.33071113692738
"3899","1415895_at",0.328352760734932,10.8414309703879,4.96978312843799,6.55176054015078e-05,0.0012383776951398,1.31997916211776
"1712","1452478_at",0.299082484626232,6.91615419233455,4.96441721196036,6.63509168497294e-05,0.0012505038403962,1.30735224315929
"5210","1417155_at",0.406443688647796,9.88430526926265,4.96275536537525,6.6611167305013e-05,0.001251790841487,1.30344136344198
"5867","1421579_at",0.348733548383434,7.62992974999866,4.95752109080945,6.74376456484248e-05,0.00126368071055568,1.2911225385122
"207","1417316_at",-0.4842153886818,8.61453552982447,-4.95280536690057,6.81911344252513e-05,0.0012710317415937,1.28002304794078
"5810","1426670_at",0.534587793883908,9.66133943128047,4.95262720288993,6.82197683726108e-05,0.0012710317415937,1.27960368009756
"3884","1419595_a_at",-0.369154119932217,7.59474003695267,-4.95081488997716,6.85117300819014e-05,0.0012728347346555,1.27533772166416
"1936","1427508_at",0.290189039080366,7.10006131902967,4.93965336947708,7.0337936816501e-05,0.00129986713974869,1.24906165490871
"5190","1416488_at",-0.397067977275018,9.25095993494558,-4.9394874641228,7.03654501351462e-05,0.00129986713974869,1.24867104455498
"1198","1424895_at",-0.519185983590145,8.63541965545271,-4.93033638075542,7.19000368673017e-05,0.00132446367347931,1.22712371462674
"294","1416406_at",-0.389954084909705,8.50872970525247,-4.92498238235526,7.28135358520135e-05,0.00133751286560839,1.21451539716062
"2100","1427603_at",0.329606891577491,6.69292409463303,4.92006207678829,7.36633934380691e-05,0.0013493230017125,1.20292731768202
"3091","1426263_at",-0.423294334520134,8.1902939353262,-4.90792788196404,7.5802425548281e-05,0.00138461517367042,1.17434506190612
"2978","1436729_at",-0.452942356147171,8.51914392362175,-4.89224408724405,7.86605980219852e-05,0.00143280938464069,1.13739271541093
"6467","1426970_a_at",-0.386938676847594,7.31092115608448,-4.88851157421868,7.93567139161802e-05,0.00144146276169195,1.12859714535404
"2808","1427232_at",-0.461264267121829,8.39244427630183,-4.8773156606706,8.14823669276766e-05,0.00147596254093161,1.10221099139533
"2359","1418415_at",-0.341093003419456,7.23427207074484,-4.87187150563099,8.25367123868997e-05,0.00149091939466751,1.08937864294295
"5851","1429726_at",0.302716555639613,6.79868430801878,4.86012346388904,8.48591607190292e-05,0.00152863698079776,1.06168367916812
"140","1416610_a_at",0.429754600262946,8.29106580662354,4.85875510578451,8.51339310398818e-05,0.00152936188515446,1.05845756374544
"453","1425900_at",0.395178884568503,7.21897132583027,4.8448031333804,8.79874002991744e-05,0.00157627977294208,1.02555976200917
"5332","1422178_a_at",0.301739870270275,6.66764195803046,4.84186621947307,8.86002748499076e-05,0.00158170836048979,1.01863383425251
"6542","1433443_a_at",-0.694703916853097,11.1732331286232,-4.84103014568674,8.87755344179213e-05,0.00158170836048979,1.01666212195607
"5011","1416598_at",-0.435745791787241,8.50354033531016,-4.83869987932157,8.92658616894814e-05,0.00158611085579594,1.01116652741957
"3405","1418554_at",0.311899090820012,6.91354638211557,4.8349809747404,9.0054059273658e-05,0.00159576771881392,1.00239564123991
"5115","1440204_at",-0.349039890055207,6.42838760833764,-4.83196447702222,9.06985511941967e-05,0.00160283266216086,0.995281003757715
"3741","1424847_at",0.348970074181449,6.36347119938688,4.8198152765713,9.33418503635255e-05,0.00164508704383932,0.966623083848186
"5666","1422596_at",-0.412484038356224,7.66557790513173,-4.80495914674929,9.66801640116314e-05,0.00169932978307237,0.931573386357321
"660","1417850_at",-0.509615464055575,7.8945030264867,-4.80167973075138,9.74331888649255e-05,0.00170796189405424,0.923835394506798
"1114","1425248_a_at",0.366308640721293,7.19422873268264,4.79016693642431,0.000100124008984839,0.00174424900774872,0.896667589576285
"1219","1415995_at",-0.525728975874321,9.28728461322679,-4.78942462685708,0.000100300059457908,0.00174424900774872,0.894915754893012
"6028","1449155_at",0.353040374918431,7.91176372841756,4.78940092480754,0.000100305685923289,0.00174424900774872,0.89485981829153
"4880","1419406_a_at",-0.400680845603686,7.67719959786185,-4.75649636944551,0.000108432382276234,0.00188055203410458,0.817189758757141
"2626","1417611_at",0.53076296443247,8.1002819570908,4.75059238106793,0.000109959409391282,0.00190197694599615,0.803250441163815
"1061","1417493_at",-0.509746586525488,9.33846622763897,-4.74932142854102,0.000110290962590984,0.00190266499221113,0.800249602465237
"3259","1417022_at",0.386474724878247,6.96816918064917,4.7477202367492,0.000110710102429559,0.001904610900837,0.796468978124664
"1730","1427112_at",-0.487575441690491,7.38350658692246,-4.74666234026916,0.000110987907118242,0.001904610900837,0.793971109168568
"1593","1421890_at",-0.356845198950223,7.38110013332971,-4.7367820420722,0.000113616705246237,0.00194460507850581,0.770640716546133
"2107","1449402_at",0.312322684942536,7.12636705876403,4.72146659504139,0.000117816397231091,0.00201120608990562,0.734471560920854
"2023","1426399_at",-0.336799739682471,6.8047285053336,-4.71762504396317,0.00011889415773994,0.00202430496768185,0.725398440914811
"4513","1422078_at",-0.389858651829346,7.20985655417003,-4.71195652299853,0.000120502680756371,0.00204634890940701,0.712009704922255
"4506","1428005_at",0.363557430045124,6.826352206661,4.70904657952977,0.000121336930126148,0.00205516395156522,0.705136300895275
"816","1427918_a_at",-0.409399002890229,9.80419267171721,-4.70352859744111,0.000122934912906223,0.00207683566596238,0.692102099705683
"2038","1435783_at",0.358406278902805,7.99447571156142,4.69221287585926,0.000126278629182219,0.00212388441099619,0.665370872292264
"1789","1440218_at",0.347674103577378,6.59200720458435,4.69190363225151,0.000126371285303868,0.00212388441099619,0.664640306742695
"2578","1416693_at",0.385461882351226,7.9277782817498,4.68390150479268,0.000128792892014809,0.00215901914865956,0.645735206363364
"1225","1420512_at",-0.338784930755467,7.0544022269738,-4.67464103974818,0.000131653788772062,0.00219788069464499,0.623855745120636
"827","1429175_at",-0.360908451479533,6.84343453206309,-4.67422053243362,0.000131785209570034,0.00219788069464499,0.62286218576372
"1700","1423345_at",0.476297965640295,9.83630638761761,4.65702620274784,0.000137273778108191,0.00228357731388652,0.582233397849492
"2653","1416379_at",-0.291622730586578,8.37562417562419,-4.65592854074307,0.000137631888371093,0.00228370876353155,0.579639543638978
"1509","1423543_at",0.342333822118563,7.99644283290185,4.65434810679949,0.000138149157116545,0.00228647373999236,0.575904830502306
"613","1434291_a_at",-0.464044468068825,8.1754069200307,-4.63189901341512,0.00014571186857804,0.00240354275914066,0.522851419118652
"1687","1455188_at",0.303904407650045,7.51839528547403,4.63118349766714,0.000145959658429643,0.00240354275914066,0.521160338992956
"4204","1428847_a_at",-0.436445422764248,8.72829442124023,-4.62745742491891,0.000147256913047903,0.00241879680097072,0.512353870979745
"239","1424613_at",-0.349485490176299,7.17873525161443,-4.62154683297431,0.000149338598253811,0.0024468266311887,0.498383984312505
"2994","1444232_at",0.309902810199954,7.79030808934597,4.60620714009972,0.000154880580532854,0.00253126883622742,0.462126132463113
"5831","1426282_at",-0.33471332490979,7.02160946006878,-4.59214879992282,0.00016014144283437,0.00261070587180732,0.428894748964374
"2709","1416458_at",-0.450532439971845,8.39502546256981,-4.56555608891255,0.0001705902190304,0.00277411176632728,0.366029708317129
"2471","1426980_s_at",0.399890679534388,7.33839191303374,4.5639626370622,0.000171237686169369,0.0027777138097275,0.362262638027839
"908","1418271_at",-0.454999540024029,7.48126239872036,-4.56211538989995,0.00017199137503623,0.00278301676578475,0.357895553022041
"4106","1428025_s_at",-0.361147193634864,6.74689921567333,-4.55862753118005,0.000173423561837044,0.00279924516519644,0.349649838890865
"447","1438684_at",-0.398547671398731,7.98499951380636,-4.54987406373816,0.000177071014648296,0.0028510619420285,0.328955325696541
"430","1416635_at",-0.454298721954429,7.3859958092142,-4.54094228919621,0.000180872374804331,0.00290509545837203,0.307838931529274
"3837","1454623_at",-0.455520675741631,7.99023500529551,-4.53937629117064,0.000181547276207921,0.00290877097826009,0.304136588936418
"1749","1418868_at",-0.346781552826889,6.99597017921481,-4.53577911863863,0.000183107169346297,0.00292657316496864,0.295632103014281
"4379","1418765_at",0.35752688048226,6.86756624401075,4.53201057099925,0.000184755847066772,0.00293792406226168,0.286722413368148
"2","1452317_at",0.507585668371051,7.26127508437159,4.53097479749889,0.000185211592204303,0.00293792406226168,0.284273607422078
"3676","1447854_s_at",-0.40785590676473,7.21578378391831,-4.52941922895994,0.000185898175570972,0.00293792406226168,0.280595882765734
"5223","1449403_at",-0.312793791539436,7.35193415716252,-4.52916104654423,0.000186012377426623,0.00293792406226168,0.27998547922924
"6192","1427385_s_at",0.373072626503717,7.66930561029922,4.52903077844617,0.000186070025719073,0.00293792406226168,0.279677494970858
"1895","1418723_at",0.319531876707833,6.29919696303511,4.52051913168135,0.000189875954882895,0.00298935141828317,0.259553915655951
"532","1417150_at",0.272933096115925,6.67199611691911,4.51970524625702,0.000190243956231792,0.00298935141828317,0.257629690557258
"3229","1423902_s_at",-0.47756062386906,8.74554419363685,-4.5103361636307,0.000194532247157276,0.00304188929422456,0.235478858774925
"2111","1419150_at",-0.311980698919083,6.82840422772672,-4.50971057124196,0.000194822023996695,0.00304188929422456,0.23399980354077
"277","1421282_at",0.379550230294388,7.01459148263017,4.5093549923374,0.000194986923015774,0.00304188929422456,0.233159127086502
"1420","1434719_at",0.64164223154141,7.88004891989581,4.50442402497081,0.000197288174207856,0.00307044435324447,0.221501109837136
"6244","1416001_a_at",-0.27597377657351,9.25754131913583,-4.50215016710861,0.000198358552752291,0.00307975267261355,0.216125159738735
"3350","1429205_at",0.390242439057523,8.3755783628074,4.50069798846377,0.000199045194366742,0.00308307295122452,0.212691861689175
"6599","1425652_s_at",0.392139046210579,7.89212729869861,4.4987555898433,0.000199967367909951,0.003090017076163,0.208099571352705
"4527","1436221_at",-0.366645063757253,7.36870114166968,-4.49456893397673,0.000201969662749735,0.00311357959997877,0.198201349223042
"2147","1434263_at",0.316646040904394,7.60818435550388,4.48693343370868,0.000205673449028706,0.00316319943659479,0.180149370487613
"5750","1417178_at",0.369165640895183,7.79482214562391,4.48307283366475,0.000207572045257732,0.00318488778147217,0.17102214206384
"5952","1428617_at",-0.438508197321007,8.01785118443107,-4.47930221768457,0.000209443397183742,0.00320605726064597,0.162107706480924
"3522","1429254_at",0.369767625862997,7.08256784973069,4.47276562196366,0.000212727778738693,0.00324588710348366,0.146654124128869
"2363","1452654_at",0.350335220403488,7.92502027948203,4.47214776019378,0.00021304089561279,0.00324588710348366,0.145193408080209
"5335","1424919_at",0.359033480929665,7.7561419032896,4.46722088505743,0.000215554345605687,0.00327652654474286,0.133545621512593
"2397","1437486_at",0.295274716869192,7.29865744020829,4.46186328181592,0.000218321373032733,0.00331086900824756,0.120879690988072
"3366","1429097_at",-0.401182466730115,7.4651707570204,-4.45614731602158,0.000221312856180574,0.00334125389015178,0.107366752276526
"6512","1428842_a_at",0.334461240988199,11.6738723336503,4.45607731843425,0.000221349743987972,0.00334125389015178,0.10720127449599
"3356","1436248_at",-0.325885264086399,7.27566806498197,-4.45385571445016,0.000222523715498804,0.00334894440464569,0.101949310032401
"4445","1421415_s_at",0.316151414957171,6.66524340394824,4.45317185628543,0.000222886347433865,0.00334894440464569,0.100332647933601
"6065","1417308_at",0.324578518197963,12.2376168185988,4.44745547736739,0.000225940914099593,0.00338703609389299,0.086819086925856
"5901","1423903_at",0.276229071353132,7.33355955001756,4.443008903273,0.000228346012549798,0.00341523932990191,0.0763075337775918
"3123","1423824_at",0.408107827788074,9.5985974324429,4.43168410420175,0.000234588282765248,0.00350057252153818,0.0495368770108282
"4589","1435064_a_at",0.329102950003499,6.20842121761809,4.42988671088261,0.000235594656232459,0.00350696308845215,0.0452881377228671
"491","1416250_at",-0.441295676288864,8.37276554524423,-4.42862982444072,0.00023630097145235,0.00350696308845215,0.0423170864830817
"4717","1420943_at",0.288584322395004,7.52781248493389,4.42804573483286,0.000236629927759385,0.00350696308845215,0.0409364103084933
"5804","1424722_at",-0.507062163064213,7.73680356059603,-4.42413612131864,0.000238843677143174,0.00353174516700825,0.0316949243142579
"458","1417523_at",-0.308647839348814,6.73972046488421,-4.41885979329237,0.000241864320248615,0.00356831953018376,0.0192230853812037
"2188","1440286_at",-0.344131510128081,7.42352021666626,-4.41614401179993,0.000243434002580182,0.00358337049847712,0.0128038235193815
"3823","1440859_at",-0.399454585021057,7.28360599461872,-4.40597893889581,0.000249400616315164,0.00366293112385403,-0.0112224413232136
"4267","1423252_at",-0.344329804471437,8.66927537301118,-4.40321405513804,0.000251048779350833,0.0036788518879703,-0.01775731643251
"3479","1418398_a_at",-0.391116927793456,6.54668284244595,-4.39935811664262,0.000253365602117742,0.00370447778343004,-0.0268707539560475
"2520","1428097_at",-0.40207838426006,8.57743804592806,-4.39810751024712,0.000254121623578067,0.00370721947953596,-0.0298264938619131
"4777","1460227_at",-0.338505653839705,7.85859445608751,-4.39563564208842,0.000255622595329959,0.00372079228604166,-0.035668553494812
"6184","1439969_at",-0.291457438556838,7.10732419672985,-4.3862055334314,0.000261430955476976,0.00379686249591394,-0.0579550159551099
"5672","1450107_a_at",0.309460126296213,7.9994638192381,4.37334581067714,0.000269565837487199,0.00390630850278672,-0.0883445088478707
"6538","1438359_at",0.397070865312677,6.64547613656488,4.37115624120331,0.000270976022579772,0.00391803690297715,-0.093518517026344
"3639","1419573_a_at",-0.8661184371409,11.6096147391485,-4.36824511206805,0.000272862395812239,0.00393658336967171,-0.10039745722402
"6576","1423013_at",0.414038619311857,7.09314890718594,4.36402683287992,0.000275619188143437,0.0039675777613319,-0.110364894044277
"1529","1449232_at",-0.377107762269136,7.71668761133247,-4.3557044133678,0.000281140400909761,0.0040381421901598,-0.130029084902263
"3339","1451983_at",0.292125833705833,7.71393877745256,4.33309083623129,0.000296709339754807,0.00425239913085955,-0.183453262336064
"6445","1422720_at",-0.269580915680581,8.03416407176673,-4.33028042303262,0.00029870370173438,0.00427159394519713,-0.19009203334567
"5776","1448727_at",0.268652334418984,7.40099675222061,4.32774320040194,0.000300515740872863,0.00428545974243739,-0.196085315692608
"186","1423344_at",-0.372360656089154,7.96146771404882,-4.32708492862905,0.000300987664780912,0.00428545974243739,-0.197640223101429
"4074","1416239_at",0.481309056887661,8.39077248310046,4.32409797580247,0.000303138403762042,0.00430667871662805,-0.204695592294734
"1636","1449330_at",0.290793719870079,6.47953535748996,4.32073715292489,0.000305576772292844,0.00432557968176523,-0.212633810481094
"2294","1452311_at",0.30744962066103,6.78626358598735,4.32043704061284,0.000305795465924517,0.00432557968176523,-0.213342658385857
"2774","1423667_at",0.3203393471567,11.3208963736589,4.30751585514221,0.000315361509053618,0.00445123896220486,-0.243859616080676
"3375","1419688_at",-0.390709543958385,8.18740656397094,-4.30207339588929,0.000319480007498302,0.00449963094794045,-0.256712200203148
"5072","1423537_at",-0.439615786041404,8.78401245642564,-4.29868448298294,0.000322071702788127,0.00452635684026159,-0.264714851741819
"1734","1439622_at",-0.433639535968766,6.94057353187256,-4.29194975939176,0.000327284832487662,0.00458972987667107,-0.280617434379089
"881","1418787_at",0.270305045607603,6.54571636107391,4.28950573267316,0.000329197510687946,0.00460664585235213,-0.286388156042388
"5417","1438817_at",0.293721896974922,7.14197446963507,4.27215285866826,0.000343103621983437,0.0047909608542912,-0.327355918956492
"2444","1422498_at",-0.376173570045754,8.31067680576963,-4.27025997531398,0.000344655681393221,0.00480234978283161,-0.331824205985542
"4981","1444058_at",-0.354803412244641,7.67868632497614,-4.26891148757228,0.000345765653633075,0.00480754334187907,-0.33500733982072
"3135","1419748_at",-0.375091642876825,7.11559635210969,-4.26549685311645,0.00034859235657182,0.00483653352596774,-0.343067400126514
"3075","1428573_at",-0.291693499127852,6.85039844925057,-4.26270856048051,0.000350917716467536,0.00485845950973419,-0.349648738541144
"1645","1419560_at",0.259773317244671,6.8684582190318,4.25245102787531,0.000359606691773235,0.00496821024799421,-0.373857890513816
"6359","1438417_at",0.298205052308803,7.00754098743857,4.24179899661265,0.000368857897772784,0.00507467322082728,-0.398994352006474
"835","1421912_at",0.361324587065577,6.96813447621578,4.24178631225997,0.000368869054849276,0.00507467322082728,-0.399024281951578
"5351","1440534_at",-0.389813404473617,6.90288600840851,-4.24068735311283,0.000369836975906459,0.00507727772607584,-0.401617359764011
"2118","1451260_at",-0.384527288943891,6.88355277125995,-4.22644523935357,0.000382613248189488,0.005241640738327,-0.435218777153789
"1607","1449907_at",0.283837343420788,6.56030396995431,4.22125749588945,0.000387376004782822,0.00529576295008131,-0.447456355563163
"3968","1434427_a_at",-0.410735392660021,7.45110828363293,-4.21341328819118,0.000394690500924827,0.00538218377979308,-0.465958418433073
"2338","1435852_at",0.282858975175663,6.63461745760623,4.21271503156587,0.000395348264149806,0.00538218377979308,-0.467605273992561
"481","1420827_a_at",-0.310292409790193,9.2095940688288,-4.21102235718832,0.000396947331462914,0.00539269489264513,-0.471597408690675
"5464","1437996_s_at",-0.34783730065437,6.08587406045494,-4.2032191803914,0.000404403049794093,0.00548256192870537,-0.489999548024466
"3700","1453063_at",-0.281761171812676,7.47299582812383,-4.19917938586608,0.000408317824013462,0.00552415047799126,-0.499525577201095
"3133","1417398_at",0.458844474417232,9.45472202693198,4.19462374515011,0.000412777967498311,0.00557292986761177,-0.51026718677076
"4514","1423760_at",0.39664639395813,8.22234029817734,4.18993650908823,0.00041741780376913,0.00561887030205984,-0.521318171400434
"1487","1422452_at",0.332158294496162,8.18064450770209,4.18944834756116,0.000417904017251805,0.00561887030205984,-0.5224690445421
"1224","1422504_at",-0.293259723812845,6.44615609330706,-4.17997928972278,0.000427448113546933,0.00573443857340274,-0.544790940273416
"4549","1423500_a_at",-0.399724060327459,6.96836994532607,-4.17918534930874,0.00042825817899818,0.00573443857340274,-0.546662358697616
"5007","1418297_at",-0.310467340093695,6.92076519670636,-4.17074852499319,0.000436961735283052,0.00583899072905899,-0.566547288339815
"3975","1435078_at",-0.351450082316607,7.19907430456024,-4.16907276468377,0.00043871140852503,0.00585038260734504,-0.570496540725978
"3223","1424523_at",0.274323813074274,7.79335387987815,4.16612236420255,0.000441808977124494,0.00587966599965066,-0.577449416058999
"1670","1435344_at",-0.404011135306684,8.84771052627299,-4.16271153621237,0.000445417190341783,0.00591561201266551,-0.585486827863091
"695","1450567_a_at",-0.443700679251258,10.0585975495024,-4.14670621680446,0.000462745993100853,0.00613326548985906,-0.623195056997497
"3254","1422499_at",-0.348158840638353,7.86773591366396,-4.14513942981557,0.000464478117954977,0.00614373591720974,-0.626885712229686
"2075","1419186_a_at",-0.403045887068728,7.73120879931206,-4.14216540529757,0.000467783816876525,0.00617493576893081,-0.633890861746825
"6136","1437111_at",-0.288558790351334,7.46199520803304,-4.13941391357823,0.000470863090918933,0.00619927105477961,-0.640371456078688
"3788","1444761_at",-0.362517828723664,8.38258048035537,-4.13882154860989,0.00047152866786853,0.00619927105477961,-0.641766605013009
"6249","1448620_at",0.280603745477344,7.34078769849177,4.13643621368006,0.000474218337156516,0.00622081813328649,-0.64738441130723
"4301","1420774_a_at",0.340478973734982,7.03559947543024,4.1356788641264,0.000475075514549405,0.00622081813328649,-0.649168018167988
"2366","1454780_at",-0.326234024990702,6.96015581817591,-4.13163802977787,0.000479675202787771,0.00626846091659129,-0.658683949676113
"1183","1424129_at",0.473417538716278,9.13731294390617,4.12946056956948,0.000482172222785481,0.00628849012956824,-0.663811396037227
"155","1417846_at",-0.303119110457903,7.47397515975298,-4.11985936696977,0.000493338197771023,0.00642127422687593,-0.686417204634076
"6214","1460011_at",-0.427585278755513,7.44677167125255,-4.11676610534927,0.000496990293619501,0.00645592371452742,-0.693699181594747
"5896","1428112_at",0.336376537456166,11.1516699995745,4.10198957936787,0.000514812263981794,0.00667413672649161,-0.728478073079752
"2749","1428572_at",-0.353377025433831,11.8442022714653,-4.10007329510181,0.000517169743643645,0.00669139662361152,-0.732987469188386
"4185","1436932_at",0.34708183825519,6.83454363815263,4.09701277148096,0.000520957271682204,0.00672705419532604,-0.740189059258946
"5660","1418465_at",-0.319934864800683,6.92640496726115,-4.0930152988124,0.000525946034766099,0.00677805156662003,-0.749594546230286
"5219","1435069_at",-0.225324576254819,6.32921050538217,-4.0915660251929,0.000527766449079772,0.0067880966754422,-0.753004256591932
"2741","1455155_at",-0.342331413255103,9.35144441331848,-4.08797357740349,0.000532306031147363,0.00683300714392117,-0.761455698323219
"1473","1449526_a_at",0.279677169127361,6.77357192263339,4.08672200715971,0.000533896706858551,0.00683996154307389,-0.7643999145575
"2172","1452825_at",0.246276771498215,7.41634792762681,4.08443986122738,0.00053680940465465,0.00686379240735877,-0.769768240769303
"3687","1457048_at",0.291404399236452,5.89655190335193,4.08091003712662,0.000541345765632271,0.00690824997590614,-0.778070898285768
"6086","1419555_at",0.324016982993064,7.14993576492449,4.07822683707455,0.000544819652974859,0.00693900186923644,-0.784381681530431
"4584","1434802_s_at",-0.304059937917734,6.64021921120307,-4.06663163700051,0.000560089219491821,0.00711957465946621,-0.811648184320031
"775","1452754_at",0.365306884822468,8.86111468432897,4.06479546914648,0.000562546087251688,0.00712984940468165,-0.81596524535824
"389","1434430_s_at",0.250422939070633,6.21342300315202,4.0643943293809,0.000563084257538882,0.00712984940468165,-0.816908347690037
"4908","1454893_at",0.360200148230211,8.43456689965867,4.05588320411592,0.00057462459540615,0.00726187400512307,-0.836916132162592
"3796","1416561_at",0.344156460920031,6.85916513182892,4.05483413322438,0.000576063272072057,0.00726597407578701,-0.839381953403866
"2816","1432556_a_at",-0.267976951512667,6.59003268698883,-4.04797351251382,0.000585560745569275,0.00737150892250433,-0.855505991031352
"3565","1448647_at",0.382082067075601,9.00039837456721,4.04388454943245,0.000591295362201912,0.00742935849117277,-0.865114561027515
"1995","1423176_at",-0.3912787318461,8.69983875541024,-4.0427254197264,0.000592931158355164,0.00743558477621928,-0.86783817919036
"1155","1421136_at",-0.23899242460008,6.43401013389852,-4.0360708630167,0.000602409913383939,0.00753995210206654,-0.883472756055385
"2043","1433524_at",-0.250999183361577,7.8200299923066,-4.02528619500759,0.000618093323781551,0.00772082790119322,-0.908804603437873
"2469","1418490_at",0.24003434914467,7.09142697373818,4.02451579847391,0.000619229104788231,0.00772082790119322,-0.910613869800073
"333","1450125_at",0.322797895443478,6.52026580423646,4.0208215084326,0.000624704487139902,0.00777423274931164,-0.919289300805721
"6523","1426607_at",-0.461455249024747,7.32959648295327,-4.0168546450983,0.000630637569940335,0.00783072967549774,-0.928603783431567
"1884","1433599_at",-0.339426821785235,8.91209109238285,-4.01618408184158,0.00063164603731204,0.00783072967549774,-0.930178207264089
"913","1450109_s_at",0.350640158220513,6.64746994878864,4.01228696191826,0.000637538837207967,0.00786143161777675,-0.939327685453046
"958","1418406_at",-0.358855506227163,7.28641883664758,-4.01207669579953,0.000637858331159913,0.00786143161777675,-0.939821308428653
"267","1449425_at",0.33114682356703,7.48692411457269,4.01137066463523,0.000638932294605902,0.00786143161777675,-0.941478772058661
"2205","1417389_at",-0.29729238553303,8.50386956270563,-4.01136247900891,0.000638944756543732,0.00786143161777675,-0.94149798825487
"6388","1419421_at",-0.34296247061515,8.23811332082295,-4.00146638159384,0.000654189194451668,0.00803383754617576,-0.964726146880872
"3669","1427996_at",0.232460668135237,7.48314041741317,3.9949199291737,0.000664472184225772,0.00814478028822605,-0.980088157856697
"6532","1431055_a_at",0.35890388352639,8.40639306444536,3.99381760332513,0.0006662194508888,0.00815087624623989,-0.982674588089965
"5702","1434034_at",-0.325659037719258,6.91510310894951,-3.99244355867684,0.000668403817942454,0.00816228707266431,-0.985898438680102
"3914","1424157_at",-0.302503541674767,7.32486135628037,-3.98566121900613,0.000679290849289991,0.0082736250386048,-1.00180946360514
"5391","1427399_a_at",0.313707509216806,6.20261931288948,3.98518693854315,0.00068005873649627,0.0082736250386048,-1.00292197433289
"3437","1448845_at",0.26354115317907,6.54480970242166,3.9821632415259,0.000684974630479933,0.00831431133062466,-1.01001420950314
"5191","1423428_at",0.252719163332431,7.79783451493061,3.98156403982568,0.000685952997374033,0.00831431133062466,-1.01141958649592
"6050","1420500_at",-0.421596969719088,7.99551395868277,-3.97299000251456,0.000700105850649695,0.00847011178494742,-1.03152630326636
"4475","1442434_at",0.395852924718668,8.61370110789939,3.97092533788748,0.00070355710780282,0.00849610351848554,-1.03636725164124
"1418","1424603_at",0.349069951228935,7.08234929805347,3.96646338831014,0.000711073561691409,0.00856549646133304,-1.0468279134056
"2255","1421258_a_at",-0.30666572504539,7.22399499653176,-3.9655005119054,0.000712706044500275,0.00856549646133304,-1.04908509365127
"3209","1429273_at",0.392616447537365,7.23218081904828,3.9651836528598,0.000713244069698488,0.00856549646133304,-1.04982786067379
"3275","1421295_at",0.294968756773813,6.83062780629521,3.94879571283916,0.000741628630527929,0.00889000055086879,-1.08823299997856
"1647","1425213_at",-0.288683146315625,7.24942377298118,-3.94680596426903,0.000745150568533758,0.00890116898442171,-1.09289452131508
"5723","1438677_at",0.36876526176848,7.96650692932698,3.94672719589713,0.000745290333613595,0.00890116898442171,-1.09307905085223
"916","1415822_at",-0.263255413654401,11.7331263217171,-3.94219500708956,0.000753376223222479,0.00898129131925738,-1.10369569875777
"4095","1433408_a_at",0.311426823005471,8.78289175685116,3.93760214667456,0.00076165935595656,0.00906346835801592,-1.11445276254849
"2355","1438422_at",-0.329573047563349,7.22949796168957,-3.9358742554203,0.000764798962491132,0.00908425142878811,-1.11849925560005
"2430","1422977_at",-0.272315932729341,6.53389827114173,-3.92769356039378,0.000779838976440288,0.0092321530277022,-1.13765400280072
"3010","1416313_at",-0.342766958001797,9.03490180318479,-3.92756253276014,0.000780082244788209,0.0092321530277022,-1.137960752947
"193","1421260_a_at",0.397034127880101,10.4703900606106,3.92595343612978,0.000783075882518242,0.00925079317011133,-1.14172770805162
"1051","1422738_at",-0.373063535660372,7.89275387967422,-3.92444887378863,0.000785885370229117,0.00926719439288259,-1.14524974725206
"6231","1429269_at",-0.302681787458907,7.0773657488472,-3.91935308596072,0.00079547543920599,0.009363348987477,-1.15717708426943
"4510","1425995_s_at",-0.321990051908066,6.63103618205482,-3.9149366703243,0.000803880987396298,0.00944523949335363,-1.16751247296007
"2392","1420505_a_at",-0.438959084200649,7.71243691461671,-3.91413649854902,0.000805413333242282,0.00944622364401605,-1.1693848725231
"4835","1448276_at",0.349616402685728,8.6745082467794,3.91015964467548,0.000813072262278579,0.00951893038118243,-1.17868987796371
"2163","1417772_at",0.332601331097733,9.25423469845147,3.90618167540224,0.000820805737167855,0.00959224769188455,-1.18799611821048
"1150","1424694_at",-0.294100660059657,7.23402433121994,-3.90199613701287,0.000829021655011795,0.00967093061240057,-1.19778645844382
