"","GSM701716_Mouse_E7.5_1.CEL","GSM701717_Mouse_E7.5_2.CEL","GSM701718_Mouse_E7.5_3.CEL","GSM701719_Mouse_E8.5_1.CEL","GSM701720_Mouse_E8.5_2.CEL","GSM701721_Mouse_E8.5_3.CEL","GSM701722_Mouse_E9.5_1.CEL","GSM701723_Mouse_E9.5_2.CEL","GSM701724_Mouse_E9.5_3.CEL","GSM701725_Mouse_E10.5_1.CEL","GSM701726_Mouse_E10.5_2.CEL","GSM701727_Mouse_E10.5_3.CEL","GSM701728_Mouse_E12.5_1.CEL","GSM701729_Mouse_E12.5_2.CEL","GSM701730_Mouse_E14.5_1.CEL","GSM701731_Mouse_E14.5_2.CEL","GSM701732_Mouse_E16.5_1.CEL","GSM701733_Mouse_E16.5_2.CEL","GSM701734_Mouse_E18.5_1.CEL","GSM701735_Mouse_E18.5_2.CEL","Gene.stable.ID","Gene.stable.ID.version","Transcript.stable.ID","Transcript.stable.ID.version","Gene.description","Gene.type","MGI.symbol"
"1415803_at",6.92635794689997,6.882844281289,7.01489603535447,6.64088753183783,6.74367458102281,6.63523347664862,6.76849991686219,6.65721532473038,6.72031558810713,6.75317777313751,6.65174936477149,6.72060389746767,6.80888870955645,6.63093758609351,6.68648269591895,6.61455525023303,6.91060946215141,6.94580741991338,7.05973455485357,6.9748842796745,"ENSMUSG00000031778","ENSMUSG00000031778.14","ENSMUST00000034230","ENSMUST00000034230.7","chemokine.(C-X3-C.motif).ligand.1.[Source:MGI.Symbol;Acc:MGI:1097153]","protein_coding","Cx3cl1"
"1415804_at",6.73884732705416,7.02769233637356,6.88578613308593,6.80956345939342,6.83185250995126,6.83733009067156,6.68634197439752,6.94198879337048,6.89293749444652,6.7584019729229,6.87301985703654,6.65211019232337,6.99954035781023,6.94117520888178,7.04598215140663,7.0787942194541,7.20375913545312,7.09168007215079,7.25560776494953,7.22573480385654,"ENSMUSG00000031778","ENSMUSG00000031778.14","ENSMUST00000034230","ENSMUST00000034230.7","chemokine.(C-X3-C.motif).ligand.1.[Source:MGI.Symbol;Acc:MGI:1097153]","protein_coding","Cx3cl1"
"1417266_at",6.25561758672709,6.14625696651992,6.2293115485596,6.38568613697154,6.30128155901314,6.21615054693721,6.38212136053229,6.35818089188315,6.42840782769404,6.48158516288226,6.38525423395155,6.51177087796542,6.51400243123207,6.49039231872865,6.69762662679721,6.72841942239216,7.36332452657165,7.14759930155329,7.92607883162304,8.00943209223671,"ENSMUSG00000018927","ENSMUSG00000018927.4","ENSMUST00000150243","ENSMUST00000150243.2","chemokine.(C-C.motif).ligand.6.[Source:MGI.Symbol;Acc:MGI:98263]","protein_coding","Ccl6"
"1417574_at",8.2393700084449,8.03951585539084,8.00517118298766,8.84803834978537,8.85145273194909,8.70307059304468,9.8449332902285,9.544815233198,9.60190891469076,9.94905417782274,9.8853742711059,9.65387405924191,9.48129028220349,9.49823836716624,9.1080520963853,8.95768155917438,8.63582860271613,8.39288097138667,8.56928289393447,8.64589730585628,"ENSMUSG00000061353","ENSMUSG00000061353.12","ENSMUST00000073043","ENSMUST00000073043.5","chemokine.(C-X-C.motif).ligand.12.[Source:MGI.Symbol;Acc:MGI:103556]","protein_coding","Cxcl12"
"1417625_s_at",7.52560755366212,7.82806375750988,7.71389195905763,8.38361302597199,8.48612012100811,8.34082561630647,9.07928579038408,8.93609629238353,8.97157883971599,9.1797651258072,9.35313123098341,9.40825426849101,9.88007281871427,9.86497108367366,9.18581113052094,8.72947165745871,8.80349733155554,8.71102933408327,8.82018492948688,8.83696119881883,"ENSMUSG00000044337","ENSMUSG00000044337.6","ENSMUST00000065587","ENSMUST00000065587.5","atypical.chemokine.receptor.3.[Source:MGI.Symbol;Acc:MGI:109562]","protein_coding","Ackr3"
"1417789_at",6.17634388637281,6.05065317811501,5.93269329931268,6.0431354342115,5.880958535285,5.9951049000487,5.97897368859672,5.91300040941472,6.0197098239438,6.07859984689136,6.04186987030811,6.02535837686737,6.15503629755385,6.13641595890312,6.7328204988796,6.60557179022345,7.01699340345313,6.93916831578074,6.89074818332299,7.01117087911434,"ENSMUSG00000020676","ENSMUSG00000020676.3","ENSMUST00000000342","ENSMUST00000000342.3","chemokine.(C-C.motif).ligand.11.[Source:MGI.Symbol;Acc:MGI:103576]","protein_coding","Ccl11"
"1417851_at",6.25320758887426,6.23329924642232,6.26072930550448,6.25370662597064,6.25204613370173,6.32265025540239,7.15763257480184,7.0191643056041,6.83492861984282,7.21591917891127,7.14443782916638,7.16835281893199,6.98979424869463,7.08163011683311,7.2030568164236,7.11787521783105,7.13133989893017,7.02577903471263,6.80713882562836,6.8184317117348,"ENSMUSG00000023078","ENSMUSG00000023078.7","ENSMUST00000023840","ENSMUST00000023840.7","chemokine.(C-X-C.motif).ligand.13.[Source:MGI.Symbol;Acc:MGI:1888499]","protein_coding","Cxcl13"
"1417925_at",6.39871738002246,6.46675769064277,6.29005072755521,6.3822557832557,6.60356066819257,6.38488061423127,6.24660606787931,6.41985228378241,6.40179415261198,6.36151639327992,6.3536419948972,6.53173271962067,6.42508061387776,6.47549924643873,6.43924279201021,6.57742069664882,6.53171663777888,6.56485388579322,6.49129572220385,6.39269486641145,"ENSMUSG00000031779","ENSMUSG00000031779.4","ENSMUST00000034231","ENSMUST00000034231.4","chemokine.(C-C.motif).ligand.22.[Source:MGI.Symbol;Acc:MGI:1306779]","protein_coding","Ccl22"
"1417936_at",6.15260661472603,6.34101679583283,6.22239100573286,6.28760589240704,6.15366166172262,6.30143137415719,6.25210044866616,6.28877452391697,6.23900145130735,6.52693284665948,6.60297226780824,6.46708445865128,6.70851268736491,6.77666876977985,7.59482033046882,7.6139739422743,8.50568568359697,8.25304962834318,8.54524964782947,8.66440395351585,"ENSMUSG00000019122","ENSMUSG00000019122.9","ENSMUST00000019266","ENSMUST00000019266.6","chemokine.(C-C.motif).ligand.9.[Source:MGI.Symbol;Acc:MGI:104533]","protein_coding","Ccl9"
"1418126_at",6.4703309593416,6.38679163611119,6.43094641794881,6.44233609800637,6.46620808541128,6.49415194293652,6.37112958154506,6.44763771253293,6.47593790410426,6.35123120463583,6.3859473769279,6.33864816454041,6.54193266666583,6.52139001267191,6.56358436916886,6.58014423823791,6.62271297979825,6.63036969973472,6.4760014808677,6.6612113894882,"ENSMUSG00000035042","ENSMUSG00000035042.3","ENSMUST00000035938","ENSMUST00000035938.3","chemokine.(C-C.motif).ligand.5.[Source:MGI.Symbol;Acc:MGI:98262]","protein_coding","Ccl5"
"1418456_a_at",6.74855179293329,6.54852731821671,6.55176978640105,6.47901705236745,6.56822653415057,6.54791563492755,6.68136442769601,6.5774533443851,6.50985621480054,7.21396960125713,7.17339236177485,7.34185475905758,8.81885914167976,8.65190962935019,8.60924044306508,8.2335889297163,8.0452975802716,7.72499042497759,7.79947298397388,7.93390104515814,"ENSMUSG00000021508","ENSMUSG00000021508.12","ENSMUST00000224801","ENSMUST00000224801.2","chemokine.(C-X-C.motif).ligand.14.[Source:MGI.Symbol;Acc:MGI:1888514]","protein_coding","Cxcl14"
"1418457_at",6.25058113248195,6.33704408746358,6.53520985699204,6.5939959684209,6.11780494512561,6.27431793343232,6.61493285790905,6.51694732428326,6.35999775680199,7.71174903465601,7.61576701148022,7.72738641859077,9.12222001908394,9.14969029251044,8.68407565307076,8.65020689350478,8.12216651355001,7.84779101735242,8.13919498172801,8.11238209202879,"ENSMUSG00000021508","ENSMUSG00000021508.12","ENSMUST00000021970","ENSMUST00000021970.11","chemokine.(C-X-C.motif).ligand.14.[Source:MGI.Symbol;Acc:MGI:1888514]","protein_coding","Cxcl14"
"1418652_at",6.33376773901463,6.25020589631522,6.18771828533588,6.06824789069494,6.19745788675497,6.36505932212779,6.16167370093059,6.23003466668768,6.28146049279085,6.23559990330969,6.19675108956258,6.20699718975514,6.0574940966257,6.17316433915618,6.2392674585212,6.23782578722721,6.32520855312824,6.51227777786072,6.42118633993347,6.40134133820699,"ENSMUSG00000029417","ENSMUSG00000029417.10","ENSMUST00000113093","ENSMUST00000113093.5","chemokine.(C-X-C.motif).ligand.9.[Source:MGI.Symbol;Acc:MGI:1352449]","protein_coding","Cxcl9"
"1418718_at",6.93145212997501,7.15242151917347,7.1263787816631,6.8245985549282,7.10432883972646,7.02150885373666,6.9842811992043,7.07352147604931,7.1023980801808,6.94222251379729,7.05545179076435,7.14929808754684,7.15668562365047,7.15279564552192,7.15440608389614,7.24270286091242,7.32339363894164,7.27697397920293,7.26038868392023,7.44678151044115,"ENSMUSG00000018920","ENSMUSG00000018920.12","ENSMUST00000154475","ENSMUST00000154475.2","chemokine.(C-X-C.motif).ligand.16.[Source:MGI.Symbol;Acc:MGI:1932682]","protein_coding","Cxcl16"
"1418777_at",7.12586553063556,7.0124603276279,7.04110118154709,7.14681196271593,6.96569829889143,7.08280556511431,7.25788829854329,7.17043067959027,7.03032190968028,7.29872972077568,7.06331366306003,7.19103204613796,6.9598264152123,6.97706528791621,6.93391517817242,6.9157018561773,7.37798845656605,7.34128916244707,7.71953382479262,7.85754330745549,"ENSMUSG00000023235","ENSMUSG00000023235.15","ENSMUST00000155797","ENSMUST00000155797.8","chemokine.(C-C.motif).ligand.25.[Source:MGI.Symbol;Acc:MGI:1099448]","protein_coding","Ccl25"
"1418930_at",6.43079531298318,6.4900255512898,6.24505691414648,6.21432515419588,6.17550141459384,6.3700149915259,6.36310893151315,6.20413027788784,6.31832267092316,6.35801661645788,6.33718584296449,6.35653857012014,6.44712491080302,6.66604494613348,6.65254809116953,6.66222289077997,6.66670542695607,6.72415455594057,6.79773948937226,6.90330770257797,"ENSMUSG00000034855","ENSMUSG00000034855.14","ENSMUST00000201176","ENSMUST00000201176.2","chemokine.(C-X-C.motif).ligand.10.[Source:MGI.Symbol;Acc:MGI:1352450]","protein_coding","Cxcl10"
"1419188_s_at",7.68415076938217,7.67596125480956,7.714353967004,7.77138962554068,7.7541949617681,7.74460843135757,7.71954973736412,7.45120094844958,7.55799482984084,7.93511730384842,7.81738717961824,7.64564434830583,8.18710440457774,8.15421777419651,8.30036768925459,8.00719439989524,8.09312767043485,7.75000502889129,8.00215632410048,8.17661611927091,"ENSMUSG00000073888","ENSMUSG00000073888.14","ENSMUST00000138337","ENSMUST00000138337.8","chemokine.(C-C.motif).ligand.27A.[Source:MGI.Symbol;Acc:MGI:1343459]","protein_coding","Ccl27a"
"1419209_at",6.19828495684478,5.98358685676357,5.92963722265505,5.96182022723042,5.88310504066671,6.19775316381902,6.00667568899888,6.08206306893273,6.00966561797809,6.06394801004074,6.16807063114728,6.10439010241628,6.07536385596921,6.03700196737317,6.34358454484334,6.3126210646255,6.42634414797575,6.33398605204525,6.39169513849933,6.45236175784858,"ENSMUSG00000029380","ENSMUSG00000029380.12","ENSMUST00000201245","ENSMUST00000201245.2","chemokine.(C-X-C.motif).ligand.1.[Source:MGI.Symbol;Acc:MGI:108068]","protein_coding","Cxcl1"
"1419282_at",5.98615353045926,5.98596031204969,5.96887123387702,5.84458354830951,6.04197451096792,6.02802017982329,5.97286543546937,6.01226731716977,6.14984417034675,6.10979887177259,5.91244415825243,6.15779649017472,6.07202708766228,6.11833796254739,6.09358058339522,6.2013143861993,6.23360828960414,6.1815577701385,6.68493710942157,6.7813551774108,"ENSMUSG00000035352","ENSMUSG00000035352.4","ENSMUST00000124916","ENSMUST00000124916.2","chemokine.(C-C.motif).ligand.12.[Source:MGI.Symbol;Acc:MGI:108224]","protein_coding","Ccl12"
"1419412_at",6.15984533385746,5.9837006105127,5.9352079431126,5.99890014029999,5.98240387264724,5.8871961598125,5.89176834745871,6.00872279893248,5.98059287769209,5.97115873657632,5.91535984531282,5.9705716848448,5.94726862053741,5.898400865362,5.93106401210909,6.03260031284547,6.15784684779334,6.05041938280361,6.11039017414116,6.10838684502339,"ENSMUSG00000026573","ENSMUSG00000026573.8","ENSMUST00000027860","ENSMUST00000027860.8","chemokine.(C.motif).ligand.1.[Source:MGI.Symbol;Acc:MGI:104593]","protein_coding","Xcl1"
"1419413_at",6.55788865384066,6.52964458997126,6.42648629836363,6.57100844380119,6.54733088976473,6.58056109790832,6.29795166072514,6.61841920901217,6.58332861476871,6.34404753745859,6.50542654545483,6.5521302218106,6.4076986451577,6.38304468650455,6.41785144650715,6.46457862303878,6.41121997255932,6.55390597664741,6.60265672324024,6.50095547910537,"ENSMUSG00000031780","ENSMUSG00000031780.3","ENSMUST00000034232","ENSMUST00000034232.3","chemokine.(C-C.motif).ligand.17.[Source:MGI.Symbol;Acc:MGI:1329039]","protein_coding","Ccl17"
"1419426_s_at",6.35630331076657,6.61986282641211,6.49055367743129,6.63372427844338,6.30601964407062,6.63668052807515,6.37828582751167,6.66740756287203,6.47643501288082,6.75427659296501,6.69409826927088,6.72906469938057,7.58908152985753,7.51881608772057,8.19053028602631,8.00961387265558,8.37921825176323,8.07612602173085,8.43066345887802,8.47430385912876,"ENSMUSG00000094065","ENSMUSG00000094065.2","ENSMUST00000098128","ENSMUST00000098128.4","chemokine.(C-C.motif).ligand.21D.[Source:MGI.Symbol;Acc:MGI:5434896]","protein_coding","Ccl21d"
"1419489_at",6.84687980210138,6.68938965491104,6.67773029808936,7.03537897221764,6.9468936363363,6.93159091109125,7.02788892507439,6.75176534267123,6.83348429032721,6.93215505044963,6.82568653354235,6.8410105275541,6.92379800820981,6.8321520194511,6.79559951700235,7.0353916439264,6.8144963105771,6.79770078457044,6.69515272428078,6.71416336222753,"ENSMUSG00000054863","ENSMUSG00000054863.10","ENSMUST00000230414","ENSMUST00000230414.2","TAFA.chemokine.like.family.member.5.[Source:MGI.Symbol;Acc:MGI:2146182]","protein_coding","Tafa5"
"1419490_at",7.17136424655429,7.16261188167655,7.2148714424442,7.9192881766247,7.87042307556292,7.69656456147619,7.78384897553062,7.51217819396207,7.68887853154796,7.49093986720798,7.33170259922986,7.31150669781361,7.21741565214361,7.2370608864723,7.02088135672275,7.08611430946998,7.06207859259761,6.8627798594867,7.02462753681474,6.82693432434133,"ENSMUSG00000054863","ENSMUSG00000054863.10","ENSMUST00000230414","ENSMUST00000230414.2","TAFA.chemokine.like.family.member.5.[Source:MGI.Symbol;Acc:MGI:2146182]","protein_coding","Tafa5"
"1419561_at",6.20031094962664,6.18887288111343,6.00745764203677,6.12678152554514,5.94932835298409,6.10268202777927,6.03552682891519,6.08939718049965,6.1392347550422,6.26171382815235,6.19931931058595,6.14803622307745,6.03254760463618,6.13969015560876,6.15886029978692,6.23040855847677,6.1991097091643,6.1409080651038,6.15265768924184,6.16629531601882,"ENSMUSG00000000982","ENSMUSG00000000982.6","ENSMUST00000001008","ENSMUST00000001008.6","chemokine.(C-C.motif).ligand.3.[Source:MGI.Symbol;Acc:MGI:98260]","protein_coding","Ccl3"
"1419609_at",6.25845750689865,6.09963618676547,6.11781102461275,5.95976845373329,6.29186633343579,6.12001130965699,6.15299792637203,6.0964324700786,6.16050778491694,6.34330003533983,6.28274311420023,6.31008543488936,6.31279689229796,6.33215781958663,6.75957577963083,6.46386313278134,7.05092822730425,6.87547133752156,7.18686963194634,7.27744662641539,"ENSMUSG00000025804","ENSMUSG00000025804.6","ENSMUST00000026911","ENSMUST00000026911.6","chemokine.(C-C.motif).receptor.1.[Source:MGI.Symbol;Acc:MGI:104618]","protein_coding","Ccr1"
"1419610_at",5.9406721239223,5.76252977769258,5.64346837106111,5.94667491921469,5.76710890649891,5.77214950779391,5.97133703150757,5.70826875927217,5.78603831988159,5.96597772248176,5.74226821201314,5.77828468439347,5.65595244157618,5.71348696730072,5.75272933609312,5.82203935549301,5.90600179337819,5.93192051088281,5.97980592372995,6.11767594337433,"ENSMUSG00000025804","ENSMUSG00000025804.6","ENSMUST00000026911","ENSMUST00000026911.6","chemokine.(C-C.motif).receptor.1.[Source:MGI.Symbol;Acc:MGI:104618]","protein_coding","Ccr1"
"1419684_at",6.36224558325759,6.37491991735527,6.39324605811942,6.33559749362131,6.27377909897711,6.48355769133695,6.07369248624956,6.4071037880439,6.4365536971678,6.09302154136697,6.27306471363839,6.36545018187124,6.30140585488311,6.28737999245697,6.21158218273928,6.28459626343275,6.33178751425619,6.53076870863064,6.3416678681911,6.34260259780442,"ENSMUSG00000009185","ENSMUSG00000009185.3","ENSMUST00000009329","ENSMUST00000009329.3","chemokine.(C-C.motif).ligand.8.[Source:MGI.Symbol;Acc:MGI:101878]","protein_coding","Ccl8"
"1419697_at",6.25350016322348,6.09187130039595,6.07385600568113,6.22316073055405,6.15645046442034,6.11564544734899,5.9910604224664,6.11102099293047,6.01233515407131,6.19833025311552,6.16421404414092,6.14067597359485,6.05313190326109,6.1196771602032,6.1378445600729,6.1990626568109,6.13270430337171,6.16944640304328,6.18041563770068,6.1362902222461,"ENSMUSG00000060183","ENSMUSG00000060183.7","ENSMUST00000122808","ENSMUST00000122808.2","chemokine.(C-X-C.motif).ligand.11.[Source:MGI.Symbol;Acc:MGI:1860203]","polymorphic_pseudogene","Cxcl11"
"1419698_at",5.83590904980758,5.65228694633784,5.74971693266576,5.75820064575368,5.72233540084269,5.76197619236374,5.74946800122349,5.7379008813224,5.77361133773983,5.78424965587944,5.82189326538702,5.78156516742135,5.76912765392709,5.89252409435406,5.71249551900545,5.72319431825462,5.6857727837424,5.77126503294451,5.7865700239122,5.75926596127122,"ENSMUSG00000060183","ENSMUSG00000060183.7","ENSMUST00000077820","ENSMUST00000077820.6","chemokine.(C-X-C.motif).ligand.11.[Source:MGI.Symbol;Acc:MGI:1860203]","polymorphic_pseudogene","Cxcl11"
"1419728_at",6.05493566728123,5.86994411331085,5.89505334041915,5.90661008698709,5.86213127237813,5.85593725078663,6.0462229506796,5.82748759728393,5.76541229521609,6.12872402849689,5.86638678669707,5.92804945368716,5.75373357052985,5.8374172571902,5.75272933609312,5.8105692099248,5.82281669321372,5.83525882041431,5.88062448004289,5.83955899047736,"ENSMUSG00000029371","ENSMUSG00000029371.8","ENSMUST00000031318","ENSMUST00000031318.6","chemokine.(C-X-C.motif).ligand.5.[Source:MGI.Symbol;Acc:MGI:1096868]","protein_coding","Cxcl5"
"1420249_s_at",5.92359416352745,6.10960534691783,5.98186147884253,6.02440529901941,6.16003472063416,6.16163323142575,6.17809594869534,6.25488762780474,6.13432854758675,6.26727615463762,6.0533470849798,6.14766751069577,6.15925724980346,6.14276061130212,6.25557734932675,6.28114682888109,6.59509540079791,6.61993277184772,6.82488271959018,6.82344828106753,"ENSMUSG00000018927","ENSMUSG00000018927.4","ENSMUST00000019071","ENSMUST00000019071.4","chemokine.(C-C.motif).ligand.6.[Source:MGI.Symbol;Acc:MGI:98263]","protein_coding","Ccl6"
"1420380_at",6.0783240813269,6.18006988736988,6.07418233341931,6.31003433166032,6.24716606625487,6.08945272499393,6.0540130160284,6.33701446175519,6.20681506135463,6.16124445037765,6.2092530005773,6.21211599633668,6.36170146475769,6.48209590387114,6.51212405210887,6.47616694077207,6.59027768263361,6.45159885970355,6.6862111962343,6.56176448007292,"ENSMUSG00000035385","ENSMUSG00000035385.6","ENSMUST00000124479","ENSMUST00000124479.2","chemokine.(C-C.motif).ligand.2.[Source:MGI.Symbol;Acc:MGI:98259]","protein_coding","Ccl2"
"1421186_at",6.11330214893654,5.86074976486846,6.05092219179667,6.04489490639057,6.02306354208506,6.08232562435508,6.11067650159904,5.99767920895635,5.99098313694883,6.04128696434271,6.061702782229,6.08156039900854,6.32279022987021,6.09236397748953,6.63562397704797,6.53185165473406,6.80454478450155,6.77625329756148,6.50742225809229,6.541440730885,"ENSMUSG00000049103","ENSMUSG00000049103.15","ENSMUST00000165984","ENSMUST00000165984.3","chemokine.(C-C.motif).receptor.2.[Source:MGI.Symbol;Acc:MGI:106185]","protein_coding","Ccr2"
"1421187_at",6.14291940531829,6.06948538366476,6.17202374704486,6.10471452949071,6.08435644600434,6.18549043001475,6.02996874934072,6.07485046704343,6.11918408761798,6.14910075547537,6.10368534309406,6.20355170064238,6.18037245432765,6.10866582347549,6.57032375892143,6.56522669485798,6.77658104466464,6.69924820783699,6.54164955420537,6.56471590128694,"ENSMUSG00000049103","ENSMUSG00000049103.15","ENSMUST00000055918","ENSMUST00000055918.7","chemokine.(C-C.motif).receptor.2.[Source:MGI.Symbol;Acc:MGI:106185]","protein_coding","Ccr2"
"1421188_at",5.85329966322524,6.0125221625673,5.81290143052261,6.09918107233503,5.97369825373133,5.91028051818104,6.0373518195928,5.7878713114178,5.93747486727265,5.9055951358624,6.01553283728082,6.1175342658572,6.10641974184615,6.08340461376637,6.2501883057048,6.265250472538,6.29971112961702,6.21220599438806,6.07366825086215,6.29832638560662,"ENSMUSG00000049103","ENSMUSG00000049103.15","ENSMUST00000055918","ENSMUST00000055918.7","chemokine.(C-C.motif).receptor.2.[Source:MGI.Symbol;Acc:MGI:106185]","protein_coding","Ccr2"
"1421228_at",6.15386816168837,6.13334255731127,6.03492678586823,6.0957523372702,6.15486283895578,6.12629323941025,6.0304483664221,6.20380944880228,6.12443862084414,6.10728254780559,6.12938983150585,6.03940735582768,6.33200060444231,6.23791989136468,6.16254593571836,6.24087431365108,6.27301211944475,6.2294554665119,6.40599739155313,6.43935780233333,"ENSMUSG00000035373","ENSMUSG00000035373.3","ENSMUST00000021011","ENSMUST00000021011.3","chemokine.(C-C.motif).ligand.7.[Source:MGI.Symbol;Acc:MGI:99512]","protein_coding","Ccl7"
"1421404_at",6.27658297039936,6.009771628279,6.05785922514303,6.1083415293495,6.10300100016173,6.09052602179652,6.03942925663608,6.16512187052567,6.1678322686533,6.23009087018769,6.26195001343517,6.18393628006857,6.00682654847297,6.06236615360403,6.20845817959907,6.20544325662089,6.86811713226562,6.7461790318308,10.1975274351148,10.3629931653806,"ENSMUSG00000029375","ENSMUSG00000029375.7","ENSMUST00000031322","ENSMUST00000031322.7","chemokine.(C-X-C.motif).ligand.15.[Source:MGI.Symbol;Acc:MGI:1339941]","protein_coding","Cxcl15"
"1421420_at",6.62286934275873,6.67313296028858,6.8465317453214,6.70232015327378,6.68443993669897,6.8146590050062,6.55895639617734,6.75396760323656,6.629144639928,6.52589157655898,6.67610279352174,6.6300291377905,6.72337545892188,6.68645520866772,6.62385186865296,6.65314372694087,6.61111674247058,6.7608962143286,6.70511985837516,6.63107036839047,"ENSMUSG00000044052","ENSMUSG00000044052.4","ENSMUST00000062759","ENSMUST00000062759.4","chemokine.(C-C.motif).receptor.10.[Source:MGI.Symbol;Acc:MGI:1096320]","protein_coding","Ccr10"
"1421578_at",6.73203770462778,6.76743779981928,6.76497487561601,6.69425057788433,6.62114695612307,6.64291150410226,6.62322601542737,6.86554103563668,6.79062606260868,6.69791217053616,6.92838250348822,6.69265707062905,6.77753873602628,6.77047439682645,6.78801989984304,6.75576367688311,6.78278650991052,6.90249752612723,6.83414264198703,6.8203982330883,"ENSMUSG00000018930","ENSMUSG00000018930.4","ENSMUST00000019074","ENSMUST00000019074.4","chemokine.(C-C.motif).ligand.4.[Source:MGI.Symbol;Acc:MGI:98261]","protein_coding","Ccl4"
"1421655_a_at",6.43254124488374,6.32107262522242,6.32590909609563,6.29033950789052,6.24249191942867,6.53788912840681,6.15332868469345,6.30105052131061,6.15373846570516,6.16991061862547,6.48139527512763,6.43569398347325,6.24329057265484,6.2600313942666,6.26262400288007,6.36103984902694,6.41117882617559,6.51728602396155,6.50622206983623,6.41622018860884,"ENSMUSG00000047898","ENSMUSG00000047898.8","ENSMUST00000215959","ENSMUST00000215959.2","chemokine.(C-C.motif).receptor.4.[Source:MGI.Symbol;Acc:MGI:107824]","protein_coding","Ccr4"
"1421688_a_at",6.45310167897284,6.34648217843019,6.3306378991783,6.44540499452891,6.40535844106577,6.19328020266388,6.35493124705111,6.37856534213715,6.4131536432943,6.4384616022599,6.43155227301233,6.42285984951594,6.22768523390153,6.311117340609,6.19790752094703,6.2894183265802,6.34299966237784,6.34093195594034,6.32604750528109,6.30687199401257,"ENSMUSG00000020702","ENSMUSG00000020702.14","ENSMUST00000138333","ENSMUST00000138333.2","chemokine.(C-C.motif).ligand.1.[Source:MGI.Symbol;Acc:MGI:98258]","protein_coding","Ccl1"
"1421919_a_at",5.95977682663397,5.99500605038132,5.94234129995557,6.06394353037367,6.04422226961954,6.03028631136276,6.06632954251243,6.10563965407353,6.0723482122305,5.98130861240628,5.83622335465558,6.11077228816859,5.99493459260116,6.00207157350919,5.89498820866095,6.02410058502215,5.96858291559312,6.0280176525917,6.20174184662487,6.10290139360536,"ENSMUSG00000029530","ENSMUSG00000029530.17","ENSMUST00000180093","ENSMUST00000180093.2","chemokine.(C-C.motif).receptor.9.[Source:MGI.Symbol;Acc:MGI:1341902]","protein_coding","Ccr9"
"1421920_a_at",5.82311196353497,5.8687067256005,5.91767162452459,6.0005315112265,5.94626167380807,5.90335114369065,5.98256834303012,5.95758927877923,5.91271435844336,5.85651845268295,5.8369209906002,5.96100680664846,5.84506464475911,5.93247363409049,5.84986051653626,6.0491580746785,5.89804003520609,5.95210701623589,6.18946753503198,6.29328288786053,"ENSMUSG00000029530","ENSMUSG00000029530.17","ENSMUST00000111454","ENSMUST00000111454.4","chemokine.(C-C.motif).receptor.9.[Source:MGI.Symbol;Acc:MGI:1341902]","protein_coding","Ccr9"
"1422003_at",6.1372013231286,6.08023293118499,6.15740607692535,6.06964563942758,6.24577430548863,6.32560771637393,6.08575511903648,6.07420936483456,6.1920662123171,6.07093278011252,6.09366039215882,6.12436109661133,5.91258601436259,5.97452365182188,5.99324184175168,5.9928615448769,5.99196290951418,6.06282856891749,6.06665399244638,6.14439339575959,"ENSMUSG00000047880","ENSMUSG00000047880.16","ENSMUST00000179828","ENSMUST00000179828.8","chemokine.(C-X-C.motif).receptor.5.[Source:MGI.Symbol;Acc:MGI:103567]","protein_coding","Cxcr5"
"1422029_at",6.24516011790798,6.18371719504547,6.24617910746728,6.03789473278797,6.16792822354904,6.21716983902519,6.07431146061777,6.11484280503369,6.12778081333098,5.99678891101007,6.14264802499134,6.15200747383437,6.18642079768351,6.28290607570185,6.24361303506276,6.30269121205275,6.34833463911921,6.26701985678048,6.37028554758229,6.36243399373165,"ENSMUSG00000026166","ENSMUSG00000026166.15","ENSMUST00000186832","ENSMUST00000186832.2","chemokine.(C-C.motif).ligand.20.[Source:MGI.Symbol;Acc:MGI:1329031]","protein_coding","Ccl20"
"1422111_at",6.56749876351057,6.51903279709529,6.51111021179146,6.50564879029536,6.4156604459378,6.55327581431637,6.42305164718167,6.60479671035912,6.52290408868829,6.61805675238376,6.5673073707308,6.49250789868823,6.49872722269412,6.44747040538238,6.4306737218876,6.52341174031461,6.45902124293041,6.52692863563519,6.56344265611646,6.64318423722529,"ENSMUSG00000044534","ENSMUSG00000044534.9","ENSMUST00000215664","ENSMUST00000215664.2","atypical.chemokine.receptor.2.[Source:MGI.Symbol;Acc:MGI:1891697]","protein_coding","Ackr2"
"1422112_at",6.07801350743208,6.14524575319465,6.12965788809337,6.17167205400865,6.01647097172532,6.1354457149182,6.15641986091259,6.24365635260852,6.1309594581192,6.15968939813553,6.11075512276687,6.22083758213019,6.11272927716478,6.13049220735583,6.15848252541368,6.14792593579084,6.17149718260033,6.29564028300724,6.40331794140054,6.39375937597157,"ENSMUSG00000044534","ENSMUSG00000044534.9","ENSMUST00000214340","ENSMUST00000214340.2","atypical.chemokine.receptor.2.[Source:MGI.Symbol;Acc:MGI:1891697]","protein_coding","Ackr2"
"1422259_a_at",5.91317690719034,5.82831426383597,5.84391873235408,6.08814918827635,5.98326055563485,6.0293716436232,6.0720174588955,6.04776800267172,6.03835381437532,6.10048692197813,6.05124602963875,5.97818949826192,5.96392364426614,6.02209821501343,6.02928788766287,6.06832094224507,6.15210417075913,6.2188497941639,6.02909137602907,6.0458509643033,"ENSMUSG00000079227","ENSMUSG00000079227.11","ENSMUST00000169553","ENSMUST00000169553.8","chemokine.(C-C.motif).receptor.5.[Source:MGI.Symbol;Acc:MGI:107182]","protein_coding","Ccr5"
"1422260_x_at",6.12898238768181,5.75243615279827,5.97266137047515,5.97975041000361,5.82106229258936,5.99128111490629,6.03754048466774,6.04187896569618,6.03849116356274,6.11972650704561,6.05973921897287,5.82542298935406,5.83698594028383,5.80679932785808,5.75291167498881,5.89457807393057,5.77709157359765,5.88835464825837,5.95936735447919,5.85845135513978,"ENSMUSG00000079227","ENSMUSG00000079227.11","ENSMUST00000169553","ENSMUST00000169553.8","chemokine.(C-C.motif).receptor.5.[Source:MGI.Symbol;Acc:MGI:107182]","protein_coding","Ccr5"
"1422291_at",6.07959724621343,6.02796417788723,6.22134551160059,6.11613623510756,6.12488136378096,6.14975491325264,6.11722443308329,6.10082656437567,6.03733884506659,6.15181948646785,6.11718560924206,6.13609575558169,5.97950852552735,5.97549789257941,6.00588970205365,6.06951941342415,6.11018486645885,6.20603864626563,6.03255517467741,5.97992600000984,"ENSMUSG00000042262","ENSMUSG00000042262.6","ENSMUST00000048777","ENSMUST00000048777.4","chemokine.(C-C.motif).receptor.8.[Source:MGI.Symbol;Acc:MGI:1201402]","protein_coding","Ccr8"
"1422294_at",6.25087927680632,6.09465184446788,6.19222777608114,5.92207995880406,6.04523690105951,6.078643506481,6.08229756986305,6.08191073933476,6.10049688495166,6.04030863837917,6.01901769336485,6.17557424707542,6.06842345793465,6.14862118076965,6.03181134204433,6.23860863316312,6.08636066959747,6.32443533122808,6.2649323541862,6.19783461414834,"ENSMUSG00000060509","ENSMUSG00000060509.6","ENSMUST00000182350","ENSMUST00000182350.3","chemokine.(C.motif).receptor.1.[Source:MGI.Symbol;Acc:MGI:1346338]","protein_coding","Xcr1"
"1422349_at",6.27266726633002,6.24946638135973,6.13433916501132,6.27360299672048,6.23933415733866,6.12202140751036,6.1717099414304,6.14771142173721,6.2873993518669,6.1789109713996,6.21169535411233,6.19082229702241,6.11720263466522,6.22190251550101,6.17473376662091,6.30820458554968,6.1991097091643,6.31914093183632,6.2063393547155,6.26524368512558,"ENSMUSG00000064039","ENSMUSG00000064039.5","ENSMUST00000071404","ENSMUST00000071404.5","chemokine.(C-C.motif).receptor.1-like.1.[Source:MGI.Symbol;Acc:MGI:104617]","protein_coding","Ccr1l1"
"1422812_at",5.84848135833884,5.60713004269915,5.63990283159749,5.93880598182667,5.60000608390868,5.81713139569873,5.83470353493425,5.62173694325134,5.70568473270064,5.8116910240505,5.60843619709289,5.61312873470571,5.57529037587796,5.61795492013048,5.54436276343903,5.67239681074521,5.58475760684838,5.70826537090248,5.75642695737337,5.68471896193184,"ENSMUSG00000048521","ENSMUSG00000048521.9","ENSMUST00000216072","ENSMUST00000216072.2","chemokine.(C-X-C.motif).receptor.6.[Source:MGI.Symbol;Acc:MGI:1934582]","protein_coding","Cxcr6"
"1422957_at",5.91640972881674,5.78616708362185,5.72245756313096,6.05489829934618,6.00615247389279,5.89791245148758,5.88102608606147,5.81336183080434,5.87640364732807,5.97531092641377,5.89537238024131,5.94168168901096,5.83716665996265,5.83660796882374,5.8100071071374,5.90020139266287,5.84286180986393,5.91743469750537,5.92909717082153,5.87451280646067,"ENSMUSG00000035448","ENSMUSG00000035448.10","ENSMUST00000039171","ENSMUST00000039171.9","chemokine.(C-C.motif).receptor.3.[Source:MGI.Symbol;Acc:MGI:104616]","protein_coding","Ccr3"
"1423466_at",6.26031937654076,6.34966726972692,6.2606321295742,6.25785789624292,6.2576189187823,6.29435702657463,6.16302364402565,6.3810880050104,6.16568682584942,6.2647625130618,6.2847150175317,6.25136847178943,6.1072289401484,6.2048522957818,6.02917040134002,6.1706671550881,6.08367048029064,6.22791196222861,6.21190591464349,6.14287534317037,"ENSMUSG00000037944","ENSMUSG00000037944.9","ENSMUST00000103134","ENSMUST00000103134.4","chemokine.(C-C.motif).receptor.7.[Source:MGI.Symbol;Acc:MGI:103011]","protein_coding","Ccr7"
"1424495_a_at",8.27349550451153,8.51308827521053,8.34097905262184,7.97139224744136,7.90222012237137,7.89349577390854,8.11892043373648,7.65750432130559,7.70716001993376,8.04282011525388,7.82457549735294,7.88091302186242,7.92569132963324,7.92744287487892,7.85258673720904,7.65163358196349,7.71514638291329,7.42039458917899,7.60596807472205,7.62620800405912,"ENSMUSG00000054400","ENSMUSG00000054400.17","ENSMUST00000212433","ENSMUST00000212433.2","chemokine-like.factor.[Source:MGI.Symbol;Acc:MGI:1922708]","protein_coding","Cklf"
"1424727_at",6.14930856760148,5.99901419842784,6.06023436530518,5.93587598573572,5.97063574567818,6.09552256902944,5.93308591646825,6.07420936483455,5.99898234169622,6.18118276056646,6.09787224808178,6.20092111793896,6.0711724429814,6.06475915378417,6.25266775914533,6.24230984028855,6.18603094705952,6.28264790445005,6.30038213523657,6.35083884531382,"ENSMUSG00000079227","ENSMUSG00000079227.11","ENSMUST00000171579","ENSMUST00000171579.3","chemokine.(C-C.motif).receptor.5.[Source:MGI.Symbol;Acc:MGI:107182]","protein_coding","Ccr5"
"1425769_x_at",7.04147091415714,7.3005870863286,7.06400823873755,7.17432873195378,7.03018290449916,7.04622107466729,7.05207876740392,6.782145418978,6.86072877988158,6.96887326411728,6.96959995192203,7.02067499395525,7.21552432318228,7.17849756302177,7.27015742143997,7.06240966512728,7.19595685245554,7.01560292354335,6.96097177795016,6.92302234845614,"ENSMUSG00000054400","ENSMUSG00000054400.17","ENSMUST00000212433","ENSMUST00000212433.2","chemokine-like.factor.[Source:MGI.Symbol;Acc:MGI:1922708]","protein_coding","Cklf"
"1425770_at",6.15100719530847,6.0548556653627,6.28337273698974,6.17971995538238,6.17030697215474,6.38592797540578,6.22849146816086,6.23456756911894,6.17265215707877,6.16418700710095,6.25560281481851,6.33372145064918,6.30393746501692,6.34795792740182,6.30649990094209,6.28219425246911,6.22827997958164,6.2999292011642,6.22485431853091,6.28124541267847,"ENSMUSG00000054400","ENSMUSG00000054400.17","ENSMUST00000212688","ENSMUST00000212688.2","chemokine-like.factor.[Source:MGI.Symbol;Acc:MGI:1922708]","protein_coding","Cklf"
"1425832_a_at",6.01789169279124,5.87378238981392,6.015897113712,6.01829302182507,5.94408246468496,6.12536861537391,5.98773208275315,5.9908627903178,5.95491626600184,6.00545595479279,5.99919437081256,6.08247700522017,5.91524411951669,5.86129844363112,5.95440645246791,6.0141788767355,6.01340168100116,6.1024092218535,6.0951126106921,6.09746336869243,"ENSMUSG00000048521","ENSMUSG00000048521.9","ENSMUST00000216072","ENSMUST00000216072.2","chemokine.(C-X-C.motif).receptor.6.[Source:MGI.Symbol;Acc:MGI:1934582]","protein_coding","Cxcr6"
"1425860_x_at",8.48792337037731,8.68720925700215,8.5739331697177,8.39290300880426,8.10120641530121,8.18157074717123,8.25653812758012,7.90152982890457,7.98449603040204,8.2344946553605,8.08715667983814,8.03266006768945,8.08786631845238,8.03452543987791,8.07631545135289,7.8613123181684,7.98835157710025,7.55669874711877,7.87248409387967,7.86786288368402,"ENSMUSG00000054400","ENSMUSG00000054400.17","ENSMUST00000211809","ENSMUST00000211809.2","chemokine-like.factor.[Source:MGI.Symbol;Acc:MGI:1922708]","protein_coding","Cklf"
"1426072_at",6.2328541987181,6.15786830715047,6.13728076244771,6.18304499943826,6.07376358641087,6.14189221225483,6.22343188135506,6.24622522084429,6.08716702966827,6.31013689189111,6.11219931927927,6.23639166915175,6.09890134029663,6.08595374334625,5.99324184175168,6.08382985942023,6.14418361202651,6.09648203043476,6.07433469906463,5.9897735870393,"ENSMUSG00000042190","ENSMUSG00000042190.13","ENSMUST00000047936","ENSMUST00000047936.13","chemokine-like.receptor.1.[Source:MGI.Symbol;Acc:MGI:109603]","protein_coding","Cmklr1"
"1426139_a_at",6.62544345299804,6.55870047226407,6.53604616991534,6.42935064829809,6.39559043198178,6.55244220530266,6.46538734013,6.54473210175751,6.71257996912937,6.42984566054158,6.60592670388045,6.53046085543533,6.45180906951014,6.49693866471899,6.85570994473323,6.85537965209978,6.85897080623711,7.01325798227204,7.05338990643401,6.98843627482093,"ENSMUSG00000079355","ENSMUSG00000079355.6","ENSMUST00000076147","ENSMUST00000076147.6","atypical.chemokine.receptor.4.[Source:MGI.Symbol;Acc:MGI:2181676]","protein_coding","Ackr4"
"1427419_x_at",5.86511678737604,5.99007586797466,6.09630514658897,6.01901064529736,5.96268984506621,6.12499907075028,6.04178697446341,6.07420936483455,5.95051659170945,6.01862559730504,6.02920042691032,6.14165895520238,5.93133679360376,5.96527998884597,5.97941047206067,6.07556401684828,5.94981957130411,6.07021004382481,6.6873330718304,6.5916335831369,"ENSMUSG00000029530","ENSMUSG00000029530.17","ENSMUST00000180093","ENSMUST00000180093.2","chemokine.(C-C.motif).receptor.9.[Source:MGI.Symbol;Acc:MGI:1341902]","protein_coding","Ccr9"
"1427736_a_at",6.64641460496298,6.86916155077973,6.75081311911117,6.54325853437239,6.63337351374792,6.69830498587049,6.7726721036845,6.79233424262752,6.72962858594387,6.63672280656219,6.67800125073953,6.86286909975097,6.91036316135095,6.79599828673004,7.1481545829258,7.13092325013687,7.1050929550762,7.00449788294399,7.01474588188564,7.04164389744751,"ENSMUSG00000043953","ENSMUSG00000043953.13","ENSMUST00000199839","ENSMUST00000199839.5","chemokine.(C-C.motif).receptor-like.2.[Source:MGI.Symbol;Acc:MGI:1920904]","protein_coding","Ccrl2"
"1430375_a_at",8.01391945096871,7.80726977741947,7.94445843315744,8.14665326160454,7.95960340794168,8.0379149013249,8.02537660672968,7.72042570144228,7.81119377082987,8.17613952793984,8.05454088735491,8.04352585048897,8.36783659838096,8.34529426020563,8.16730798046291,8.1248735057447,8.02199773598543,7.8014993156272,8.05108344925976,8.06682528533087,"ENSMUSG00000073888","ENSMUSG00000073888.14","ENSMUST00000136768","ENSMUST00000136768.8","chemokine.(C-C.motif).ligand.27A.[Source:MGI.Symbol;Acc:MGI:1343459]","protein_coding","Ccl27a"
"1432273_a_at",6.91069808073672,7.11212388850845,7.12170776595854,7.17703218945758,7.24760385051424,7.25112491279537,7.0546951518405,7.14131242561777,7.17485390905785,7.15325338708772,7.29230839720799,7.30549288161861,8.17515868912939,8.10399176673843,8.65018404806931,8.50830400938275,8.46107936041962,8.21060805106915,7.76042403960295,7.79277254314966,"ENSMUSG00000037872","ENSMUSG00000037872.6","ENSMUST00000194046","ENSMUST00000194046.2","atypical.chemokine.receptor.1.(Duffy.blood.group).[Source:MGI.Symbol;Acc:MGI:1097689]","protein_coding","Ackr1"
"1434962_x_at",6.7759093034497,6.94433053017275,6.86559330294723,7.18122950566856,6.92537334963652,7.07673576637938,7.03019887877029,6.90173830934601,6.64481084749113,7.23794925978117,7.0848921897916,7.10454202350119,7.5266779855409,7.59654187115066,7.30384918350133,7.47055732334029,7.46646695338716,7.40792978274323,7.26730177426491,7.42037104791484,"ENSMUSG00000073888","ENSMUSG00000073888.14","ENSMUST00000131349","ENSMUST00000131349.8","chemokine.(C-C.motif).ligand.27A.[Source:MGI.Symbol;Acc:MGI:1343459]","protein_coding","Ccl27a"
"1435610_at",6.26065888603453,6.21719603424399,6.17953375423681,6.41351656963147,6.26134123734199,6.26586082570918,6.30330681446362,6.36264130530285,6.35744794411869,6.38303027863165,6.36559245831074,6.44625204852546,6.44672020493535,6.4738755498768,6.46908758989097,6.44332772201591,6.34501457769155,6.33953752223688,6.37620553614691,6.4378157904136,"ENSMUSG00000046500","ENSMUSG00000046500.9","ENSMUST00000089295","ENSMUST00000089295.6","TAFA.chemokine.like.family.member.4.[Source:MGI.Symbol;Acc:MGI:2444563]","protein_coding","Tafa4"
"1436065_at",5.99080605777885,6.0453106078655,6.02506494505272,5.84440075506677,6.12803475131638,6.06833826957237,6.02301006633342,6.09992480254652,6.06880922298398,6.30071640426737,6.11085309578159,6.03557286221285,5.97600524879954,6.00419797083885,5.96225180565368,6.05040267330899,6.03553890133565,6.09843086195808,6.18714674643523,6.05730852802397,"ENSMUSG00000029530","ENSMUSG00000029530.17","ENSMUST00000215921","ENSMUST00000215921.2","chemokine.(C-C.motif).receptor.9.[Source:MGI.Symbol;Acc:MGI:1341902]","protein_coding","Ccr9"
"1436242_a_at",9.18883507419246,9.2450375261383,9.08169133418916,8.79072606699511,8.72565875277412,8.70979358751761,8.74283188485214,8.63458727359014,8.62061236926826,8.71111969260944,8.66265954397925,8.58559653178057,8.44063246442095,8.51235252113772,8.54389356129853,8.37522418516783,8.50614631587646,8.14618580290326,8.26150995083075,8.39079528133978,"ENSMUSG00000054400","ENSMUSG00000054400.17","ENSMUST00000212410","ENSMUST00000212410.2","chemokine-like.factor.[Source:MGI.Symbol;Acc:MGI:1922708]","protein_coding","Cklf"
"1437937_at",6.12387491564267,6.39840974541982,6.37377333437184,6.32589971809075,6.3878535416102,6.32026445363585,6.26421141052978,6.31885004473899,6.28132222954117,6.32656435766094,6.50273447881181,6.38400908616737,6.40631143658873,6.42133168129513,6.40757998266246,6.39483194786387,6.53146115392381,6.55764049540316,6.73931401062409,6.70559981793685,"ENSMUSG00000044534","ENSMUSG00000044534.9","ENSMUST00000214340","ENSMUST00000214340.2","atypical.chemokine.receptor.2.[Source:MGI.Symbol;Acc:MGI:1891697]","protein_coding","Ackr2"
"1438007_at",5.9987397912689,5.83568451777318,6.02946825768183,6.18813441883219,6.1318828614614,5.93440139280296,6.20400551803799,6.00947668839627,6.138906857225,6.75560246898886,6.67238208598176,6.6969920249639,7.44621612566568,7.40246889717658,7.51690202244114,7.27615302712285,7.37813187422299,7.08675948556857,7.28325589174872,7.16205219633367,"ENSMUSG00000044071","ENSMUSG00000044071.10","ENSMUST00000050756","ENSMUST00000050756.8","TAFA.chemokine.like.family.member.2.[Source:MGI.Symbol;Acc:MGI:2143691]","protein_coding","Tafa2"
"1438148_at",5.98901718052895,5.67418934584808,5.73626113607914,6.01575275782703,5.64457821163756,5.64032937873396,5.76300246365835,5.85438909410565,5.6883256158028,5.79354098527968,5.84936895962719,5.79205470278624,5.54949315676671,5.62858672806472,5.50621124862551,5.6353735308345,5.53236684183299,5.68335249654074,5.68265489353284,5.71837835104269,"ENSMUSG00000029379","ENSMUSG00000029379.11","ENSMUST00000201840","ENSMUST00000201840.2","chemokine.(C-X-C.motif).ligand.3.[Source:MGI.Symbol;Acc:MGI:3037818]","protein_coding","Cxcl3"
"1439084_at",6.79534734854406,6.98277472602908,6.86293307907611,6.63223994733858,6.94764236618885,6.84096692599647,7.04073780218101,7.03553963214623,6.87501195989922,6.95756673673702,6.97983637146791,6.91659021653245,6.93719498121462,6.90432289809901,6.88693031195073,7.02293502946386,6.99885892051708,7.02814816844539,6.92246028012811,6.8414739927671,"ENSMUSG00000061353","ENSMUSG00000061353.12","ENSMUST00000073043","ENSMUST00000073043.5","chemokine.(C-X-C.motif).ligand.12.[Source:MGI.Symbol;Acc:MGI:103556]","protein_coding","Cxcl12"
"1442160_at",6.10353295935928,6.0454975669256,6.15096592877539,6.08699035198255,6.29681436051608,6.18863198243442,6.21081668226813,6.11605841930152,6.22146182903264,6.18661138392668,6.29219423221576,6.22036819154864,6.17058964124513,6.15775149367892,6.19437263929622,6.25619358812682,6.16921383783208,6.31261367227057,6.21749255915488,6.23615388577682,"ENSMUSG00000055865","ENSMUSG00000055865.9","ENSMUST00000139783","ENSMUST00000139783.2","TAFA.chemokine.like.family.member.3.[Source:MGI.Symbol;Acc:MGI:3046463]","protein_coding","Tafa3"
"1442758_at",6.08343658519089,5.95762167599086,6.02849430085362,5.99109811186008,6.12375324458698,5.96491814059382,6.22579253118548,5.94629362918475,5.94463026064102,6.08909415592419,5.88919042750908,5.97979498183093,5.88501994406109,6.03677336678548,5.91080347532638,6.0773155375643,5.95959178363282,6.03608688907597,6.0293152628339,6.00790245278807,"ENSMUSG00000029530","ENSMUSG00000029530.17","ENSMUST00000163559","ENSMUST00000163559.8","chemokine.(C-C.motif).receptor.9.[Source:MGI.Symbol;Acc:MGI:1341902]","protein_coding","Ccr9"
"1448710_at",7.66089559645306,7.83998841509795,7.98620111892366,8.69314051195573,8.5441130102417,8.52922290878218,8.73002749489241,8.37451432197937,8.25338314758503,8.86866313995014,8.52199798031866,8.45866285717745,8.09093687535933,8.10896789589121,7.81500085322879,7.73237032914738,7.92979974376585,7.63251427349959,8.04181611311058,8.03149967224055,"ENSMUSG00000045382","ENSMUSG00000045382.7","ENSMUST00000052172","ENSMUST00000052172.7","chemokine.(C-X-C.motif).receptor.4.[Source:MGI.Symbol;Acc:MGI:109563]","protein_coding","Cxcr4"
"1448823_at",7.57964320503902,7.7041739463014,7.70470597773968,8.15294904588698,8.20980743226943,8.23760218986798,8.82864262637941,8.63061832351943,8.67530723949251,8.84791216249523,8.92305557804222,9.00235889642724,9.68882444006427,9.58650210603042,9.86087770860175,9.69179301058836,9.64015972260348,9.4011158496551,9.82724914422588,9.8766191149208,"ENSMUSG00000061353","ENSMUSG00000061353.12","ENSMUST00000134244","ENSMUST00000134244.2","chemokine.(C-X-C.motif).ligand.12.[Source:MGI.Symbol;Acc:MGI:103556]","protein_coding","Cxcl12"
"1448859_at",6.60184013228321,6.72705892648025,6.7339779556024,6.32279112363606,6.73250235762396,6.72908152418101,7.09646490898364,7.07097892993855,7.09315671717943,7.15244943394612,7.13480866819687,7.27486152606781,7.15396694234981,7.20970519700362,7.32357981839808,7.35810926518934,7.36163345596084,7.32000489471262,7.18562926970524,7.16637136408027,"ENSMUSG00000023078","ENSMUSG00000023078.7","ENSMUST00000023840","ENSMUST00000023840.7","chemokine.(C-X-C.motif).ligand.13.[Source:MGI.Symbol;Acc:MGI:1888499]","protein_coding","Cxcl13"
"1448898_at",6.22087882322601,6.25179511440585,6.03728102115756,6.14858059614534,6.12514752098345,6.23084409083639,6.29306737081559,6.21609633018315,6.01153025095157,6.3675046526018,6.40383697878376,6.26843348166019,6.44647165701424,6.40888784225483,7.2074457566345,7.17367630588122,8.23810966926886,7.82216968832889,8.16477262682053,8.4966398140495,"ENSMUSG00000019122","ENSMUSG00000019122.9","ENSMUST00000019266","ENSMUST00000019266.6","chemokine.(C-C.motif).ligand.9.[Source:MGI.Symbol;Acc:MGI:104533]","protein_coding","Ccl9"
"1449195_s_at",6.51193872696124,6.33016469392536,6.28493928205025,6.22387015094782,6.41665389726684,6.24318035740774,6.33632769888112,6.22607487141692,6.26843880736009,6.1569586292269,6.22183749168926,6.27932799856096,6.27507167872883,6.28721707136878,6.32768160946685,6.48250539412025,6.45043556142657,6.41166517090943,6.72306141574309,6.655665598826,"ENSMUSG00000018920","ENSMUSG00000018920.12","ENSMUST00000154475","ENSMUST00000154475.2","chemokine.(C-X-C.motif).ligand.16.[Source:MGI.Symbol;Acc:MGI:1932682]","protein_coding","Cxcl16"
"1449277_at",6.45310167897284,6.47961739396535,6.46573693590157,6.35748988063256,6.4439834912115,6.47077801787827,6.35443954167721,6.4645795310296,6.39908383774961,6.29446692321251,6.53282128974455,6.53433543754127,6.50401476436144,6.4620709205117,6.55809686690472,6.56510554283897,6.50889496574889,6.55925299392387,6.63888513655144,6.54619569022549,"ENSMUSG00000094162","ENSMUSG00000094162.2","ENSMUST00000179634","ENSMUST00000179634.2","chemokine.(C-C.motif).ligand.19,.pseudogene.3.[Source:MGI.Symbol;Acc:MGI:1891391]","unprocessed_pseudogene","Ccl19-ps3"
"1449925_at",6.51194639165591,6.38509163963757,6.46486387382513,6.43692471068941,6.51414800385255,6.4764313996072,6.21705389129112,6.47003899051103,6.47344132344786,6.41420128463585,6.5715146722595,6.44636698816263,6.46679180329159,6.47916160487359,6.45756905126622,6.64423479094667,6.57143375535874,6.70229038840173,6.73040639883768,6.65539699312991,"ENSMUSG00000050232","ENSMUSG00000050232.7","ENSMUST00000056614","ENSMUST00000056614.7","chemokine.(C-X-C.motif).receptor.3.[Source:MGI.Symbol;Acc:MGI:1277207]","protein_coding","Cxcr3"
"1449984_at",5.95618505711482,5.92629532215474,5.69626471460867,5.86208625706546,5.91960879432214,5.88862859258677,5.89435042315773,5.97477197039269,5.89808695974518,5.86353164383489,5.83333481122091,5.89599638693681,5.69397659845263,5.7634736449631,5.65427308680577,5.83718293839267,5.77523958523866,5.86462782968251,5.7865700239122,5.79128108749197,"ENSMUSG00000058427","ENSMUSG00000058427.11","ENSMUST00000075433","ENSMUST00000075433.8","chemokine.(C-X-C.motif).ligand.2.[Source:MGI.Symbol;Acc:MGI:1340094]","protein_coding","Cxcl2"
"1450019_at",6.2092565166255,6.12553783600065,6.20879355585127,6.206484309884,6.19149737421978,6.37521867355438,6.21705389129112,6.31710050544588,6.32306600752149,6.44771512710582,6.53731945344237,6.61660778927326,6.61420484246517,6.62773271785682,6.69772169940641,6.66780191095128,6.68295352160795,6.63834567301473,6.6626873136374,6.724285592725,"ENSMUSG00000052336","ENSMUSG00000052336.8","ENSMUST00000177637","ENSMUST00000177637.2","chemokine.(C-X3-C.motif).receptor.1.[Source:MGI.Symbol;Acc:MGI:1333815]","protein_coding","Cx3cr1"
"1450020_at",6.30367043320344,6.49801007024291,6.35823330455498,6.19253177463978,6.15892277558798,6.39191815386158,6.20539295176852,6.33892352208476,6.53275906607578,6.93189803334296,7.03659631671228,7.03232671381085,7.33187707092701,7.32555354016428,7.5814322445957,7.51646752484269,7.58117150044389,7.41848143533928,7.58054433223954,7.50588008503897,"ENSMUSG00000052336","ENSMUSG00000052336.8","ENSMUST00000064165","ENSMUST00000064165.5","chemokine.(C-X3-C.motif).receptor.1.[Source:MGI.Symbol;Acc:MGI:1333815]","protein_coding","Cx3cr1"
"1450217_at",6.78755753527753,6.8123500112358,6.81250148378604,6.94585615845394,6.75540328637493,6.95224922401237,6.6840715993097,6.77068887308697,6.76832883297477,6.90408703121487,6.86437454003108,6.75758308820447,6.68276001594225,6.80553687791269,6.80017565063521,6.81839811030381,6.88168967915199,6.8069562952154,6.84028793084864,6.96869759399407,"ENSMUSG00000074715","ENSMUSG00000074715.4","ENSMUST00000099241","ENSMUST00000099241.4","chemokine.(C-C.motif).ligand.28.[Source:MGI.Symbol;Acc:MGI:1861731]","protein_coding","Ccl28"
"1450218_at",5.91413634097659,5.69070479862156,5.8522252541938,5.68729457448544,5.65322647399243,5.88206628351176,5.85484138494113,6.01564219413678,5.88353474665235,6.04626606969884,5.83959225294002,5.9673836682223,5.74266044196405,5.80961974542821,5.6758839312193,5.86166406675535,5.83510029666841,5.81745789226091,5.91293907211599,5.91617514005108,"ENSMUSG00000074715","ENSMUSG00000074715.4","ENSMUST00000225880","ENSMUST00000225880.2","chemokine.(C-C.motif).ligand.28.[Source:MGI.Symbol;Acc:MGI:1861731]","protein_coding","Ccl28"
"1450357_a_at",6.41724042436401,6.3141586596967,6.41656401602466,6.31253864355892,6.42630361744375,6.38320281850898,6.28763904652685,6.45569323345052,6.62358765896981,6.39084031935892,6.59895579549483,6.67386209601807,6.4158128561268,6.52406797217745,6.38287653855648,6.54309940379826,6.42755784750655,6.60725454895204,6.48840443597168,6.38123090031478,"ENSMUSG00000040899","ENSMUSG00000040899.15","ENSMUST00000180103","ENSMUST00000180103.3","chemokine.(C-C.motif).receptor.6.[Source:MGI.Symbol;Acc:MGI:1333797]","protein_coding","Ccr6"
"1450488_at",6.8565490011526,6.95483427648019,6.91929973885132,7.0101448215328,6.99541219778053,6.99164492388076,6.76532867880281,6.99437819552644,6.95682787703191,7.05795799687897,7.13788433411371,7.02485631207595,7.04731650857199,7.15636915224583,7.18594051428914,7.40372769304341,7.42321599628907,7.39513801692124,7.38653473606818,7.41871693608742,"ENSMUSG00000004814","ENSMUSG00000004814.11","ENSMUST00000004936","ENSMUST00000004936.10","chemokine.(C-C.motif).ligand.24.[Source:MGI.Symbol;Acc:MGI:1928953]","protein_coding","Ccl24"
"1451374_x_at",7.61260911392098,7.6537902271856,7.51221501322635,7.4315653524152,7.12490478494035,7.17789231577848,7.24611125927907,6.97040736161981,7.01253791927312,7.27616306223213,7.0215701404437,7.03602306519222,7.05979736834717,7.0489664707485,6.96239241838596,6.89491614372487,6.94874254127067,6.74856211290118,6.77298346063367,6.82426116870806,"ENSMUSG00000054400","ENSMUSG00000054400.17","ENSMUST00000034342","ENSMUST00000034342.13","chemokine-like.factor.[Source:MGI.Symbol;Acc:MGI:1922708]","protein_coding","Cklf"
"1451610_at",6.78966733087923,6.87847831493603,6.91227426396146,6.61893022235526,6.84238588186272,6.95795267737917,6.58201864248439,6.96828270538092,6.99951541751489,6.57925215664276,6.87912518930801,6.84987664630149,6.83782086970449,6.93655705206057,6.83963608163425,6.8812852626205,6.91879274023709,6.94100372650211,7.08419420587207,7.11135025783549,"ENSMUSG00000060188","ENSMUSG00000060188.7","ENSMUST00000074040","ENSMUST00000074040.4","chemokine.(C-X-C.motif).ligand.17.[Source:MGI.Symbol;Acc:MGI:2387642]","protein_coding","Cxcl17"
"1451832_at",6.58830186292418,6.53587356049684,6.55705151641425,6.70152832062481,6.58704644021325,6.55250916857375,6.59651430716094,6.2546197440507,6.27563167460671,6.23370504870273,6.3368270898776,6.29500220975091,7.2752052275376,7.29423865348952,7.17178924141721,7.00314559487349,6.88401566866444,6.77357202817812,6.80216728370144,6.842360330193,"ENSMUSG00000054400","ENSMUSG00000054400.17","ENSMUST00000212433","ENSMUST00000212433.2","chemokine-like.factor.[Source:MGI.Symbol;Acc:MGI:1922708]","protein_coding","Cklf"
"1455577_at",6.19097797986141,6.2020143443384,6.15096592877539,6.27964178389998,6.2583929452538,6.15787729182608,6.15596218039925,6.25188031260811,6.32488526537508,6.25974973425771,6.40794201205519,6.29333963366945,6.38412639150669,6.4787783566958,6.46196976486918,6.50800951053653,6.43780968020087,6.57579552479728,6.65170110412538,6.58484497685147,"ENSMUSG00000074715","ENSMUSG00000074715.4","ENSMUST00000099241","ENSMUST00000099241.4","chemokine.(C-C.motif).ligand.28.[Source:MGI.Symbol;Acc:MGI:1861731]","protein_coding","Ccl28"
"1456428_at",6.15744100782605,6.15845402871432,6.0139581811942,6.21971493983303,6.1490937491201,6.29370005630079,6.16800247027343,6.19530351644025,6.11202211533215,6.23145670385044,6.34682644316766,6.26899227557431,6.12404881360698,6.20152682942485,6.32720486904705,6.21060087767849,6.41372558401066,6.36010257207758,8.80155687685098,8.86999685705116,"ENSMUSG00000029375","ENSMUSG00000029375.7","ENSMUST00000031322","ENSMUST00000031322.7","chemokine.(C-X-C.motif).ligand.15.[Source:MGI.Symbol;Acc:MGI:1339941]","protein_coding","Cxcl15"
"1456887_at",6.22593293729555,6.37414143176273,6.39928482669829,6.29601522310456,6.27199980658782,6.32970585816934,6.24894325115246,6.31006904653184,6.04705886355719,6.15458353918736,6.14699514157363,6.05264341829017,6.21012573225224,6.09957673206247,6.27444107155286,6.31897487026187,6.43044443138332,6.395517129416,6.48370517807848,6.38026155827317,"ENSMUSG00000042190","ENSMUSG00000042190.13","ENSMUST00000047936","ENSMUST00000047936.13","chemokine-like.receptor.1.[Source:MGI.Symbol;Acc:MGI:109603]","protein_coding","Cmklr1"
"1456907_at",6.21595429617953,5.93564707586607,6.04695487948983,5.9955448715559,5.84413391859484,5.94703633534706,5.96986460764981,5.99286506120641,6.10473978475958,6.00413138765903,6.01798448982383,5.88009799900864,5.92262021449461,5.94241436965228,5.9774212569569,6.00471607509865,5.94462569165279,6.03639697360316,6.02659066916899,6.03915037883994,"ENSMUSG00000029417","ENSMUSG00000029417.10","ENSMUST00000113093","ENSMUST00000113093.5","chemokine.(C-X-C.motif).ligand.9.[Source:MGI.Symbol;Acc:MGI:1352449]","protein_coding","Cxcl9"
"1457092_at",6.31104988349766,6.06255581770605,6.10106125408509,6.28547312325652,6.15040787578305,6.12539718637311,6.19135751064565,6.19695379647329,6.0969166217048,6.07359715329526,6.18625676949963,6.03374442541345,6.20880572891559,6.09419502893312,6.36413299536959,6.4029999400297,6.31196390380745,6.28004613807684,6.38917990403896,6.3213644966581,"ENSMUSG00000059187","ENSMUSG00000059187.13","ENSMUST00000122120","ENSMUST00000122120.8","TAFA.chemokine.like.family.member.1.[Source:MGI.Symbol;Acc:MGI:2443695]","protein_coding","Tafa1"
"1457644_s_at",6.82803666500082,6.67182385325371,6.67031479982967,6.96383830772867,6.68537172862889,6.75597585032954,6.7911206883994,6.87408391068194,6.88085786513464,6.68609022679431,6.72678217199979,6.66883439838331,7.09409235582635,7.06646704059724,7.42645763677603,7.27042546097772,7.37188944614451,7.15936235188036,7.48722058243352,7.47811699747271,"ENSMUSG00000029380","ENSMUSG00000029380.12","ENSMUST00000031327","ENSMUST00000031327.9","chemokine.(C-X-C.motif).ligand.1.[Source:MGI.Symbol;Acc:MGI:108068]","protein_coding","Cxcl1"
"1458277_at",6.86285704439099,6.82900652094716,6.82137333578885,6.82058404069291,6.76807705171426,6.85928878601481,6.9116441223676,6.68561944460979,6.85278490116461,6.83700158269838,6.78997735183959,6.67835834700495,6.68299185535296,6.82917545911688,6.76179661245804,6.73825957488785,6.79992123886871,6.70390365664562,6.67588956078697,6.81528671101428,"ENSMUSG00000023235","ENSMUSG00000023235.15","ENSMUST00000069762","ENSMUST00000069762.16","chemokine.(C-C.motif).ligand.25.[Source:MGI.Symbol;Acc:MGI:1099448]","protein_coding","Ccl25"
"1458559_at",5.92261909470718,6.06948538366476,5.98173063884827,5.84650775053443,5.9242228903555,5.92845984705804,6.02963829068828,6.02685133046725,5.90942193853575,6.04129784164284,6.05281943121831,5.99506506351309,6.15274526362331,6.06376853660968,6.0799191401808,6.09067478204355,6.02540789625664,6.1459880156332,6.0628405452315,6.05246842029743,"ENSMUSG00000054400","ENSMUSG00000054400.17","ENSMUST00000212688","ENSMUST00000212688.2","chemokine-like.factor.[Source:MGI.Symbol;Acc:MGI:1922708]","protein_coding","Cklf"
"1460067_at",6.95675289394192,6.85257290559809,6.70590400506939,6.6270461469957,6.78096762584712,6.96409325512566,6.57814262486881,6.69527538916862,6.85537334067078,6.90385118843596,6.88065230582714,6.96611188939351,6.92225803077633,6.96441682729807,6.96394606025338,6.9256607794769,7.08822081296854,7.21002379752099,6.9534289072228,6.96992050750482,"ENSMUSG00000049103","ENSMUSG00000049103.15","ENSMUST00000171719","ENSMUST00000171719.8","chemokine.(C-C.motif).receptor.2.[Source:MGI.Symbol;Acc:MGI:106185]","protein_coding","Ccr2"
